storm_id,cohort_type,GE_obs,GE_z,GE_abs_z,GE_surr_mu,GE_surr_std,GE_surr_cv,LE_obs,LE_z,LE_abs_z,LE_surr_mu,LE_surr_std,LE_surr_cv,C_orient_obs,C_orient_z,C_orient_abs_z,C_orient_surr_mu,C_orient_surr_std,C_orient_surr_cv,A_radial_obs,A_radial_z,A_radial_abs_z,A_radial_surr_mu,A_radial_surr_std,A_radial_surr_cv,S_orient_obs,S_orient_z,S_orient_abs_z,S_orient_surr_mu,S_orient_surr_std,S_orient_surr_cv
Synthetic_Radial_000,Synthetic_Radial,0.9799125886548231,-9.203493652393746,9.203493652393746,0.9852269324946279,0.0005774267937066565,0.000586085067979218,0.0033254488886333635,6.3876818587333615,6.3876818587333615,0.002785849414446983,8.447500669760934e-05,0.030322890472547496,1.473528660001199e-07,3.0088750920714022,3.0088750920714022,1.4581313632519577e-07,5.107293432955822e-10,0.003502605139439634,0.5995610042788017,6.021063737460582,6.021063737460582,0.11164114044129343,0.08103549224962533,0.7258569012156593,1.8146937317112477,-0.6283307793368056,0.6283307793368056,1.8309508581677765,0.02587351597363989,0.014131190828090962
Synthetic_Radial_001,Synthetic_Radial,0.984475935117831,-1.0354471449180622,1.0354471449180622,0.9848139079544744,0.0003264027886567624,0.000331436006356157,0.002443101084171632,2.132805418539128,2.132805418539128,0.0023350243516229953,5.0673507051505323e-05,0.02170148974873963,1.4397244641380936e-07,0.017350466302042226,0.017350466302042226,1.4396365740691776e-07,5.055573880611111e-10,0.0035116770821893273,0.2730046136418631,3.470750719181514,3.470750719181514,0.07301982461341047,0.05762003820088327,0.7891012955064253,1.8115264214635918,-1.1736447794034939,1.1736447794034939,1.8269613577641381,0.013151284417775497,0.007198446952300639
Synthetic_Radial_002,Synthetic_Radial,0.9812573196737705,-7.7229383517063575,7.7229383517063575,0.9851976450953633,0.0005102106522706216,0.0005178764431787871,0.003131260739577563,5.28255498263458,5.28255498263458,0.002700945502500012,8.145967873681918e-05,0.030159689868329412,1.448864935657346e-07,0.5077708466082869,0.5077708466082869,1.446268122127139e-07,5.104144594068034e-10,0.0035291584073476982,0.5309693383059162,5.20180756909384,5.20180756909384,0.10783059542340467,0.08134455903200988,0.7543736423957428,1.8090967272960734,-0.8971775028094531,0.8971775028094531,1.8310529244110085,0.02447252304620161,0.013365273455468403
Synthetic_Radial_003,Synthetic_Radial,0.9855163351685279,2.618977300710495,2.618977300710495,0.9847468828847475,0.000293798759138774,0.00029834951929760123,0.0023440028558361584,-0.21590266208947664,0.21590266208947664,0.0023552598973645635,5.213942803464423e-05,0.022137441422430116,1.4505119314731325e-07,-3.39426957040525,3.39426957040525,1.468113725107986e-07,5.175738277337792e-10,0.0035254101468574096,0.14940881170809367,1.843488661224431,1.843488661224431,0.06295519160951724,0.046896746324065326,0.7449226207458766,1.8434553943835805,0.7949944145905592,0.7949944145905592,1.8335308462355995,0.012483796068299965,0.006808609789098171
Synthetic_Radial_004,Synthetic_Radial,0.9842840709137403,-1.1486557847600214,1.1486557847600214,0.9845751674763064,0.0002534236672810175,0.0002573939254738097,0.0022870459872421744,2.161907791149725,2.161907791149725,0.002207575414875489,3.67594633453421e-05,0.01665150965216918,1.4580741689779558e-07,0.22556925619913548,0.22556925619913548,1.4568163042080912e-07,5.566401638502397e-10,0.003820909618685262,0.18908576389032475,2.9893242646320086,2.9893242646320086,0.05730703897909033,0.044083114858891805,0.76924433094872,1.8140464001177996,-0.980384581490347,0.980384581490347,1.822666380407208,0.008792447832384599,0.004823947995581848
Synthetic_Radial_005,Synthetic_Radial,0.9851616614811363,-0.6007769452517437,0.6007769452517437,0.9855059998836712,0.0005731551529325559,0.0005815846407831403,0.0029349815304444446,1.8527047145079867,1.8527047145079867,0.0027475456656071923,0.00010116877315461679,0.036821507421765654,1.4709583371112216e-07,1.281355707451796,1.281355707451796,1.4643365530868103e-07,5.157795317023891e-10,0.003522250457824599,0.4365082884795257,3.745132825227342,3.745132825227342,0.11227848699013261,0.0865736454797077,0.77106173942783,1.8212010963402072,-0.5915235627620968,0.5915235627620968,1.836527961510138,0.025910827791493243,0.014108594224818232
Synthetic_Radial_006,Synthetic_Radial,0.9825153421086852,-8.00224341388908,8.00224341388908,0.9845939449546506,0.0002597525131959154,0.00026381689073622685,0.0024698793821607942,6.6268381786106785,6.6268381786106785,0.0022839814839733514,2.8052275693199174e-05,0.012282181741734424,1.4603899223644755e-07,-0.7278780456074533,0.7278780456074533,1.4640970758143692e-07,5.08309694428256e-10,0.0034718068290566983,0.34833861908886915,7.100628394019439,7.100628394019439,0.06017657527416285,0.04058261154045358,0.6743921759403209,1.810502066151828,-1.0853839033408725,1.0853839033408725,1.819805242123188,0.008571322959221072,0.00471002212809108
Synthetic_Radial_007,Synthetic_Radial,0.9810182763595104,-14.411600742762193,14.411600742762193,0.9846780075374933,0.00025394341883980503,0.00025789488228199084,0.0026103384709436645,11.636741195121717,11.636741195121717,0.002308608554805579,2.592907236158469e-05,0.011231472003505962,1.4352292295149174e-07,0.1608355896264031,0.1608355896264031,1.4344087310905248e-07,5.091473040254637e-10,0.00354950261726143,0.39692620444080273,8.468147912210332,8.468147912210332,0.06216392956035948,0.03953193524044107,0.6359304426117514,1.8110331771826371,-0.9743584530033755,0.9743584530033755,1.8205113414911944,0.009727594889095817,0.005343331111094605
Synthetic_Radial_008,Synthetic_Radial,0.9825115937952297,-4.920861203851996,4.920861203851996,0.9853672154221603,0.0005803093206072219,0.0005889269619732694,0.0031657190677952247,3.8602838942735587,3.8602838942735587,0.0027874355714393373,9.799369757668828e-05,0.03515550226365668,1.466122625856331e-07,0.19507200026052807,0.19507200026052807,1.4651508904002357e-07,4.971419449215655e-10,0.0033930877364994503,0.5356565607023505,4.732619296554547,4.732619296554547,0.11310019313976923,0.08928594105709689,0.7894411015370051,1.820251566371844,-0.47202345209076263,0.47202345209076263,1.832691504153709,0.026354490918390035,0.014380211213204427
Synthetic_Radial_009,Synthetic_Radial,0.9824375907129766,-8.147571969618278,8.147571969618278,0.9848374606928898,0.0002945503250188551,0.00029908521636791,0.0026736649631920223,5.883628834563522,5.883628834563522,0.002421908412010765,4.278933161430554e-05,0.017667609305305036,1.4437506584394664e-07,0.7305529121900799,0.7305529121900799,1.440505270758862e-07,4.432371834334544e-10,0.0030769349859092955,0.44564538150036775,6.3120463656639085,6.3120463656639085,0.07953875126358756,0.05800125807408587,0.7292201241775005,1.824384865403643,-0.01730576418599118,0.01730576418599118,1.8246489007792253,0.015257076932708419,0.008361650795495203
Synthetic_Radial_010,Synthetic_Radial,0.9853933825612102,-0.12065839092052073,0.12065839092052073,0.9854630511728247,0.0005774037840413207,0.0005859212918775105,0.00283570115563516,1.6084187192036195,1.6084187192036195,0.0026850466587818563,9.36662160457067e-05,0.03488439044605523,1.4406983427514004e-07,-1.6125859609070532,1.6125859609070532,1.4491500902007776e-07,5.231114368019888e-10,0.003609756025847448,0.39838921484750556,3.594740870931032,3.594740870931032,0.10700105643197784,0.08105957254617463,0.7575586190305311,1.827606080857619,-0.42975555275438493,0.42975555275438493,1.838070900608778,0.024350633013717243,0.013247929122668197
Synthetic_Radial_011,Synthetic_Radial,0.9857824678138445,1.5787160380353498,1.5787160380353498,0.9851688237051139,0.0003886982157446686,0.0003945498541888708,0.0025408398775884824,0.7358657598812448,0.7358657598812448,0.00248599745424714,7.452775437510107e-05,0.02997901474830434,1.4566337128003375e-07,-2.3786055924711396,2.3786055924711396,1.4686732663574328e-07,5.051601467348549e-10,0.0034395445111030103,0.22590988078316945,2.4478793597697472,2.4478793597697472,0.08010275674223072,0.059564669090639254,0.7436032355487304,1.7933900886475775,-2.3229342395618744,2.3229342395618744,1.8333249285697784,0.017191549911206243,0.00937725203169981
Synthetic_Radial_012,Synthetic_Radial,0.9846512058170858,0.6679752065795586,0.6679752065795586,0.9845063310771206,0.00021688640217506545,0.00022029965204749456,0.0022018975161810428,0.9477817834697914,0.9477817834697914,0.00217066817600996,3.294992557144514e-05,0.01517962345439312,1.459734911854543e-07,1.5279892298465185,1.5279892298465185,1.4519058109152134e-07,5.113793274456582e-10,0.003522100411065231,0.1571334183249423,2.623117689675038,2.623117689675038,0.05480533008204752,0.03901010185057631,0.7117939403241179,1.8168760797704793,-0.8837388439765156,0.8837388439765156,1.823435171382289,0.0074219795312066615,0.004070328162846733
Synthetic_Radial_013,Synthetic_Radial,0.9861448878920926,1.106829390012849,1.106829390012849,0.9854701963901072,0.0006095713639034657,0.0006185589032887838,0.0027527353840441486,0.12956164445311408,0.12956164445311408,0.002740910800010717,9.1266083830458e-05,0.033297721252659306,1.4282676729251623e-07,-9.285649000695564,9.285649000695564,1.4717942545183594e-07,4.677510974185722e-10,0.003178079530498717,0.27821720372704817,2.4485921248899176,2.4485921248899176,0.0968396726479143,0.07407421155732073,0.7649159639962001,1.848443835719661,0.1936418387991996,0.1936418387991996,1.8437960121003336,0.024002166308457112,0.0130177992310019
Synthetic_Radial_014,Synthetic_Radial,0.9831617568130828,-5.464728355965492,5.464728355965492,0.9847226544230274,0.0002856313256222408,0.0002900627139418347,0.0025285192425970743,4.0307223037883215,4.0307223037883215,0.0023535290494637075,4.341410196831916e-05,0.018446384572888715,1.4605773646736244e-07,0.651230024688262,0.651230024688262,1.457754283620254e-07,4.324998305278744e-10,0.0029668708129807634,0.3829012469348439,5.66743479540039,5.66743479540039,0.071762992736894,0.05489930902156966,0.7650086336572252,1.8096600563994718,-1.2142616137955369,1.2142616137955369,1.8248993698734501,0.012550271950975253,0.006877240552633151
Synthetic_Radial_015,Synthetic_Radial,0.985494454048956,1.4216379820672558,1.4216379820672558,0.9850315505379839,0.0003256127898871621,0.0003305607720981071,0.002422383861583183,1.027800837897344,1.027800837897344,0.0023580938398943753,6.255104908508365e-05,0.026526106807250448,1.4400145188512118e-07,-0.29200679061043067,0.29200679061043067,1.441471017338162e-07,4.977892520942371e-10,0.0034533181228668173,0.2480453532339403,2.937340574809329,2.937340574809329,0.07841663821948533,0.057749079717297924,0.7364391158279943,1.8181351633041178,-0.8308439518206595,0.8308439518206595,1.8306525235330466,0.015065837815474485,0.008229763771002329
Synthetic_Radial_016,Synthetic_Radial,0.9836888659836922,-3.650100880356813,3.650100880356813,0.9848679100670915,0.0003230168475874968,0.0003279798684527798,0.0025607263690957953,3.2575047148888148,3.2575047148888148,0.002378196005184276,5.603379783910599e-05,0.023561471675755633,1.4386560582351761e-07,1.1043499617287684,1.1043499617287684,1.4336559730952011e-07,4.517627394623872e-10,0.0031511017764274465,0.35673289794811924,4.404142765775843,4.404142765775843,0.07888795217890253,0.06308717962640041,0.7997061386830178,1.8174080523317575,-0.6208352850780796,0.6208352850780796,1.8267620688261477,0.015066824838399629,0.008247831009581404
Synthetic_Radial_017,Synthetic_Radial,0.9816862862590454,-6.946924066539692,6.946924066539692,0.985151010230326,0.0004987421672019933,0.0005062596109858146,0.0030567642150130404,4.924055012458995,4.924055012458995,0.0026726774161986953,7.800213298154913e-05,0.029185015924333004,1.4542606808612316e-07,1.1759926624414645,1.1759926624414645,1.4482936175057653e-07,5.064065124758648e-10,0.003496549386156932,0.5333345044473111,5.408337886567998,5.408337886567998,0.10548477582422086,0.07910928229544938,0.7499592398672449,1.8093805012949835,-0.9024289534384482,0.9024289534384482,1.830294994151494,0.023175777745072842,0.012662318270615295
Synthetic_Radial_018,Synthetic_Radial,0.9828710001314779,-4.717768695283012,4.717768695283012,0.985214439130681,0.0004967261317470623,0.0005041807265683723,0.003018007179098133,3.9385762525041303,3.9385762525041303,0.002690594164053525,8.312978856201253e-05,0.03089644274180562,1.4780533412559647e-07,0.9133862355405196,0.9133862355405196,1.473198879463539e-07,5.304796307996654e-10,0.0036008446473173353,0.5052380125962564,4.8412940490472955,4.8412940490472955,0.10556641640049248,0.0825547037923823,0.7820167303814545,1.8167138469916961,-0.6750297976295242,0.6750297976295242,1.8328947311886947,0.023970622116453736,0.013078013542488002
Synthetic_Radial_019,Synthetic_Radial,0.9811459938592514,-12.722298399605535,12.722298399605535,0.9846323474107064,0.0002740348818449966,0.0002783118821612447,0.0025972506070564725,10.813995135467376,10.813995135467376,0.002300038692124451,2.7484005716189095e-05,0.01194936667732919,1.4422611365536752e-07,2.97377974132248,2.97377974132248,1.4286773934015238e-07,4.5578376792326127e-10,0.0031902274075373328,0.3720544312548274,8.143354391620068,8.143354391620068,0.06091202471825682,0.03820813777288249,0.627267570713395,1.8183448891795522,-0.14025621467840432,0.14025621467840432,1.819536818788471,0.008498230267454698,0.0046705459211913766
Synthetic_Radial_020,Synthetic_Radial,0.9810964483915144,-10.957984521939942,10.957984521939942,0.9848604985833699,0.00034349840277298437,0.0003487787389855985,0.002801012268842174,7.763592071973951,7.763592071973951,0.0024480798305778037,4.545994009330304e-05,0.018569631393108535,1.438813589886179e-07,-0.32314035079319237,0.32314035079319237,1.4404964182750123e-07,5.197732134666814e-10,0.0036082672515204968,0.4741908114896371,6.980858065448888,6.980858065448888,0.08133253219504251,0.056276502917604,0.6919310317543796,1.8157288873969426,-0.5740078895174477,0.5740078895174477,1.8246072223029333,0.015467269819027081,0.00847704077346386
Synthetic_Radial_021,Synthetic_Radial,0.9847624643357366,1.090439033128203,1.090439033128203,0.9845119997263159,0.00022969152856875053,0.00023330495578760755,0.00217455068104909,1.0791685620017493,1.0791685620017493,0.002140123232551316,3.190182574883917e-05,0.01490653680531347,1.4545222219497948e-07,0.9165377985332889,0.9165377985332889,1.4493012738735873e-07,5.686380536146391e-10,0.003923505349508771,0.06925601427739175,0.5257391822446094,0.5257391822446094,0.05050829859224495,0.035659726947835445,0.7060171880864866,1.824505396388944,0.23786221430594895,0.23786221430594895,1.822753345903086,0.007365820967959572,0.004041040980399969
Synthetic_Radial_022,Synthetic_Radial,0.9842127440481129,-2.0834248885999265,2.0834248885999265,0.9847569038668024,0.0002611852337867324,0.00026522813169512437,0.002403827592725141,2.377062438666597,2.377062438666597,0.002295138366503006,4.5724177067069995e-05,0.019922187574606048,1.4448844375671357e-07,0.49931172134662744,0.49931172134662744,1.4423324686148403e-07,5.100973452441333e-10,0.0035365896542865266,0.28365940835309944,3.9605945855895297,3.9605945855895297,0.06924210037663503,0.05413765618744542,0.7818603984019482,1.809269133932092,-1.2644703315549009,1.2644703315549009,1.8243046154517044,0.011890734913375887,0.00651795473883904
Synthetic_Radial_023,Synthetic_Radial,0.9804233221026777,-9.362114257411735,9.362114257411735,0.9851601229434582,0.0005059541788510464,0.0005135755772765594,0.0031815657490910283,6.381075632021323,6.381075632021323,0.0026977900595721903,7.581412774832093e-05,0.028102308202677957,1.447418994026886e-07,0.5051123912446519,0.5051123912446519,1.4450154870388052e-07,4.748360772259823e-10,0.0032860048593262694,0.5687079516544622,6.081380664479669,6.081380664479669,0.10546471154179915,0.07617402456194006,0.7222702593846047,1.8102226742641132,-0.8041132254039228,0.8041132254039228,1.8290513498161949,0.023415453143205707,0.01280196597298702
Synthetic_Radial_024,Synthetic_Radial,0.9825877983254994,-4.668744142287739,4.668744142287739,0.9853439456845102,0.0005903402007786134,0.0005991209499622083,0.0031614970540420786,3.9297311006608657,3.9297311006608657,0.0027809295756813907,9.684313371135153e-05,0.034824015150688864,1.468284863852008e-07,1.4160784019787787,1.4160784019787787,1.4612494109559777e-07,4.958265094785087e-10,0.0033931450210755642,0.5507502057936207,4.934637410205891,4.934637410205891,0.11343474605558695,0.08862159939626703,0.7812562065600086,1.810275091154365,-0.865545986068295,0.865545986068295,1.8334485063245674,0.026773176171263888,0.01460263327761535
Synthetic_Radial_025,Synthetic_Radial,0.9851347204733562,1.578557988935532,1.578557988935532,0.9847258973528392,0.00025898517622026406,0.0002630023003520172,0.0022655880429807516,0.9831134351140423,0.9831134351140423,0.0022201211497144984,4.6247859767947835e-05,0.020831232454618053,1.4090826271610109e-07,-2.6918320895910517,2.6918320895910517,1.421261401924418e-07,4.5143441485450703e-10,0.00317627171167491,0.18901825337484301,2.6533216760966476,2.6533216760966476,0.06456699452128165,0.04690394684220523,0.726438441021426,1.8142184036817985,-0.9873390628976415,0.9873390628976415,1.824849188271775,0.010767106243917775,0.005900271821425896
Synthetic_Radial_026,Synthetic_Radial,0.9849857813972416,1.1445387500043893,1.1445387500043893,0.9846891363608066,0.0002591830423297853,0.0002632130616241034,0.0023267202646782377,1.3146259193180834,1.3146259193180834,0.002267746026851358,4.486008958567047e-05,0.019781796124751443,1.4728583148427754e-07,1.4960223771642909,1.4960223771642909,1.4650315929860984e-07,5.221687691405124e-10,0.003564190748169886,0.16974361559937848,2.3240466497660814,2.3240466497660814,0.06294881789066906,0.04595208866273593,0.7299912881893441,1.8278563749594974,0.2904631264359547,0.2904631264359547,1.8250636873266297,0.009614602950963452,0.005268091748097703
Synthetic_Radial_027,Synthetic_Radial,0.9852088281594965,1.427603418910813,1.427603418910813,0.9848037790140951,0.00028372665588236804,0.00028810475947413995,0.002284689521236401,0.5249821265032223,0.5249821265032223,0.0022585587688411317,4.977455526788665e-05,0.022038193529667516,1.4204533191016338e-07,-1.6968750259428547,1.6968750259428547,1.4290076925278984e-07,5.031251297520504e-10,0.003520776071442712,0.13562329533550951,1.6614806396347208,1.6614806396347208,0.061545998556300455,0.04458510981736964,0.7244193101499538,1.7954268237751323,-2.6900188036406223,2.6900188036406223,1.8273992741021545,0.011885586182914885,0.006504099214304469
Synthetic_Radial_028,Synthetic_Radial,0.9847254068054258,-0.39666502695533773,0.39666502695533773,0.984857289507312,0.00033247877308938465,0.00033759081303583996,0.0024488520494849245,1.5187652956255717,1.5187652956255717,0.002364295802188957,5.567433363189533e-05,0.023547956036973846,1.4582134088499552e-07,0.036830293782710966,0.036830293782710966,1.45803940035584e-07,4.714602392305108e-10,0.003233499764242898,0.2879009190158024,3.699118604120095,3.699118604120095,0.07278325817219759,0.05815376143936197,0.7989991503400031,1.821680145773243,-0.4186122726731242,0.4186122726731242,1.8270875442535308,0.01291743895930066,0.007069961699383757
Synthetic_Radial_029,Synthetic_Radial,0.9857967862060081,0.7552149905638103,0.7552149905638103,0.9854154582372432,0.000504926375633766,0.0005123994873558097,0.0027238133306028596,1.3671989353334801,1.3671989353334801,0.0026063367683205494,8.592499443868931e-05,0.03296772521882859,1.457116601416061e-07,0.3234973789552153,0.3234973789552153,1.4554861602247447e-07,5.030044517770547e-10,0.0034558967967279644,0.319208393215755,3.0166041318876093,3.0166041318876093,0.09822767134607342,0.07325479652127524,0.7457653787031141,1.8270485791827489,-0.5166020477011037,0.5166020477011037,1.838743803845141,0.022638750105462357,0.012312074177005184
Synthetic_Radial_030,Synthetic_Radial,0.9838220065011243,-3.241815564248984,3.241815564248984,0.9848766639329254,0.00032532925074151193,0.0003303248646810643,0.002541825615096274,2.8611828686536427,2.8611828686536427,0.002389346348135677,5.329238678517765e-05,0.022304169843127036,1.4357986454043362e-07,-0.21108305433471747,0.21108305433471747,1.4369576767774854e-07,5.480878350240373e-10,0.003814197381622167,0.3734398452649719,4.610086451030012,4.610086451030012,0.07868180181892158,0.06393763903832729,0.8126102549692603,1.8142194106191072,-0.8177305389954881,0.8177305389954881,1.82715076471783,0.015813710606662857,0.008654847159860035
Synthetic_Radial_031,Synthetic_Radial,0.9856190520578727,0.6874150233321764,0.6874150233321764,0.9853043763620833,0.0004577666830389925,0.0004645941843155948,0.0026578414994267,1.3613420583184588,1.3613420583184588,0.0025447031909269805,8.310792019320011e-05,0.03265918023636639,1.4382908811712897e-07,-1.2677925289591263,1.2677925289591263,1.445380102116754e-07,5.581783184969958e-10,0.0038617831800532693,0.28127304723466273,2.832887430165066,2.832887430165066,0.08978008626983364,0.06759638908448908,0.7529107165321218,1.8252964146216257,-0.5582363845046484,0.5582363845046484,1.8365945140722584,0.020238916279346056,0.011019806562777722
Synthetic_Radial_032,Synthetic_Radial,0.9808199630799266,-9.045104224299726,9.045104224299726,0.9850880486749882,0.00047186693267174326,0.00047900990505971323,0.0030982603459898594,6.255427393636608,6.255427393636608,0.0026605305852591753,6.9975994753059e-05,0.026301518619805973,1.455326507190307e-07,0.8844291443201807,0.8844291443201807,1.4505576220550487e-07,5.382048832723452e-10,0.003710305366597521,0.5573394622695763,6.091064843770126,6.091064843770126,0.10169562294466736,0.074805284626849,0.7355801799534186,1.8145810944194878,-0.6612219294034238,0.6612219294034238,1.8289177875489517,0.02168211986214336,0.011855163752980435
Synthetic_Radial_033,Synthetic_Radial,0.9834638750050412,-3.9056802283992003,3.9056802283992003,0.9851977075604007,0.0004439258848808734,0.0004505957347177511,0.0028581532198322826,3.0623709855576364,3.0623709855576364,0.0026107687780585792,8.078199534870705e-05,0.03094184211052054,1.466029722156523e-07,-0.7719774453235193,0.7719774453235193,1.4697956614303406e-07,4.868302205110913e-10,0.0033122080917645453,0.45362283693552263,4.534132815832967,4.534132815832967,0.09670774966257831,0.07871738693275158,0.8139718606480801,1.8143790638459194,-0.8420889214505258,0.8420889214505258,1.832366429030441,0.02136041067099609,0.011657281170713683
Synthetic_Radial_034,Synthetic_Radial,0.9774702747674237,-14.39693134231064,14.39693134231064,0.9851073289148421,0.0005304640239949773,0.0005384834813672317,0.0034165098038899462,10.96211748007552,10.96211748007552,0.002733833381928396,6.227596194259446e-05,0.02277972108010709,1.4570718950851405e-07,-0.1455164055374911,0.1455164055374911,1.45775257835737e-07,4.667708123116388e-10,0.0032019673110116704,0.6040898678357166,8.099899799816727,8.099899799816727,0.09815544094713535,0.062461813032789484,0.6363560942667851,1.8141037498459605,-0.5956006463340964,0.5956006463340964,1.825914844254863,0.019830560092578494,0.01086061606594818
Synthetic_Radial_035,Synthetic_Radial,0.9821071895913549,-10.314908525743427,10.314908525743427,0.9847427991254567,0.0002555145803968181,0.00025947341846366316,0.002634715488203494,7.311327999204315,7.311327999204315,0.002376937965305102,3.525727687434042e-05,0.0148330656391286,1.4543278734919632e-07,0.34238529138594265,0.34238529138594265,1.452659931765495e-07,4.861534404169038e-10,0.0033466201081622147,0.4151661173235099,7.09256491341469,7.09256491341469,0.07178327770254402,0.04841447964253497,0.6744534547792695,1.817684527935362,-0.44702940604177777,0.44702940604177777,1.822688108303749,0.011192955766029291,0.006140905684867647
Synthetic_Radial_036,Synthetic_Radial,0.9811903488681551,-13.128592853036183,13.128592853036183,0.9847272772364412,0.0002694065079746492,0.00027358489421603466,0.0026696360929087575,9.096711337180867,9.096711337180867,0.0023664402020925953,3.333027403872895e-05,0.014084562117889606,1.4564509568213043e-07,1.7928821132716724,1.7928821132716724,1.4479753444945813e-07,4.717367328829365e-10,0.0032578833389200913,0.42182840832019763,7.745790632720903,7.745790632720903,0.06949713296834553,0.045486805937632366,0.6545134165131118,1.8141958841275818,-0.5566970240693717,0.5566970240693717,1.8205856764058022,0.011478042815740636,0.006304588113861396
Synthetic_Radial_037,Synthetic_Radial,0.98450181715069,-1.6868495774091996,1.6868495774091996,0.9851600058955593,0.00039018816615135713,0.0003960657799909982,0.0026514977976430315,2.0134814389282063,2.0134814389282063,0.002509914644379978,7.031758451418259e-05,0.028015926614722454,1.4429320848835144e-07,-0.13316323148152218,0.13316323148152218,1.443568576791872e-07,4.76978719257833e-10,0.0033041410209747202,0.3499549802939602,3.681800832310665,3.681800832310665,0.09141548227586638,0.07022093529490431,0.7681514503443628,1.8322093142609976,-0.08362745088105103,0.08362745088105103,1.833753688798008,0.01846731570382703,0.010070772218008159
Synthetic_Radial_038,Synthetic_Radial,0.9735849130392462,-22.818969762230157,22.818969762230157,0.9849821564538707,0.0004994635389135813,0.0005070787685243366,0.003717922858287846,17.474545688013425,17.474545688013425,0.0027739813250687883,5.401808622652798e-05,0.0194731254024269,1.4614028680644632e-07,0.8727170149478682,0.8727170149478682,1.4569563933317093e-07,5.084978849495107e-10,0.003490114029237875,0.5647739349721161,8.425319295148926,8.425319295148926,0.08374101820835811,0.05709373139511741,0.6817893144358395,1.8197083982655304,-0.2385691031512021,0.2385691031512021,1.8235472586500727,0.016091188396138188,0.008824113726584346
Synthetic_Radial_039,Synthetic_Radial,0.9811991887333342,-13.255687483841209,13.255687483841209,0.9846454299580639,0.00025998208057296195,0.00026403624356817517,0.0025917801931397686,10.739012629055793,10.739012629055793,0.00230970786815429,2.626613116025981e-05,0.011372057700906251,1.453374322090211e-07,1.507414175174378,1.507414175174378,1.446562167343066e-07,4.509099567547147e-10,0.0031170927170740856,0.40393077899311663,9.294564429560022,9.294564429560022,0.06081537521259845,0.03691570555797048,0.607012707367397,1.8216583680580867,0.3195780739742861,0.3195780739742861,1.8191239907820045,0.007930385349173022,0.0043594528956542155
Synthetic_Radial_040,Synthetic_Radial,0.9806088948707747,-12.516146282746625,12.516146282746625,0.9848301970631107,0.0003372685237499051,0.0003424636295224704,0.002829190512775265,9.713781057482187,9.713781057482187,0.0024491264701254835,3.912627129301523e-05,0.015975602629877645,1.442323775874722e-07,0.7944705157572385,0.7944705157572385,1.4384163819388553e-07,4.908236559279258e-10,0.003412226458655079,0.4733380785324931,7.657450449176836,7.657450449176836,0.07871415483299325,0.05153463627495805,0.6547060866453267,1.8121050682741673,-0.8175182562477584,0.8175182562477584,1.823195808492673,0.013566351739461276,0.007440973523666564
Synthetic_Radial_041,Synthetic_Radial,0.9835089475715569,-3.6266722894826464,3.6266722894826464,0.9852023438215507,0.0004669283881198586,0.00047394161315957977,0.002912059468175853,3.159855163494064,3.159855163494064,0.002653563475188888,8.180627796283971e-05,0.030828837786210362,1.462159576301475e-07,-0.1778276296519299,0.1778276296519299,1.4631372396521524e-07,5.4878146680073e-10,0.003750692014640966,0.4556170376863018,4.35272321520862,4.35272321520862,0.10132786576395636,0.08139483132768231,0.8032818091371685,1.8197543775931975,-0.5951986671837528,0.5951986671837528,1.832930613400655,0.022137542527114907,0.012077676244400117
Synthetic_Radial_042,Synthetic_Radial,0.9801871197593403,-8.819048855181368,8.819048855181368,0.9853077978956927,0.0005806383672004344,0.0005892964294405321,0.003309326172002433,6.018496949923594,6.018496949923594,0.002773392638176167,8.904773604887731e-05,0.032107872066513034,1.4361728970449813e-07,-0.5447498195760042,0.5447498195760042,1.4390570112809641e-07,5.284383095395284e-10,0.0036720896622398904,0.5939861400380566,5.6661031346238255,5.6661031346238255,0.11434479596532823,0.08465100840401589,0.7403136075291398,1.8205236205665978,-0.4226159308747006,0.4226159308747006,1.8316323625085085,0.02628566774209384,0.014350951795850561
Synthetic_Radial_043,Synthetic_Radial,0.9817641063193041,-9.722639017746438,9.722639017746438,0.9846616034117176,0.00029801549531995785,0.00030265778038574096,0.0025299898585561,8.787353100284296,8.787353100284296,0.0022872656930995137,2.762198740612581e-05,0.012076422724907988,1.4504988705114573e-07,0.9913712698193563,0.9913712698193563,1.4452050364680915e-07,5.329910691915081e-10,0.0036879706876982517,0.3829052915023976,8.033070547979175,8.033070547979175,0.06202114074510066,0.03994539184396762,0.6440609018704487,1.8083074836872737,-1.4213113967088074,1.4213113967088074,1.8214198297454276,0.009225526571513883,0.005065019289264151
Synthetic_Radial_044,Synthetic_Radial,0.9856086266524767,0.9407064995844701,0.9407064995844701,0.9852032378139287,0.00043094082775698653,0.00043741312575541817,0.002625822569341448,0.9713268330178942,0.9713268330178942,0.0025508907880823243,7.714373549733533e-05,0.030241880925481555,1.4471992641215886e-07,-4.083972424974984,4.083972424974984,1.4701286172380365e-07,5.604473049873337e-10,0.0038122072192093796,0.29263886294915775,3.0214636170809492,3.0214636170809492,0.09023734474572695,0.06698790515172591,0.742352352451679,1.7876122653065354,-2.555804293359655,2.555804293359655,1.8353006739300628,0.018658865526156646,0.010166653230825058
Synthetic_Radial_045,Synthetic_Radial,0.9861024827396578,1.9767271042057255,1.9767271042057255,0.985245129196127,0.0004337237748852848,0.0004402191515919748,0.002544672702888293,0.28305293386395947,0.28305293386395947,0.0025232455801407904,7.570005430414695e-05,0.030001064846776438,1.4387709366495324e-07,-4.348721558981314,4.348721558981314,1.460572423861955e-07,5.003309524818013e-10,0.00342555780699364,0.21188005338975321,2.0729630696589174,2.0729630696589174,0.08134443555887522,0.06297054672097134,0.7741223635957323,1.8348891164954004,-0.08094485889565003,0.08094485889565003,1.8364569287363672,0.019368892135657463,0.010546880698680093
Synthetic_Radial_046,Synthetic_Radial,0.9782407067866821,-16.813529516877196,16.813529516877196,0.9848994560429205,0.0003960351830197785,0.000402107220782258,0.0031101923653894816,12.73299347548902,12.73299347548902,0.0025526601563293904,4.378641969779893e-05,0.017153250726335844,1.444150174734387e-07,0.8461558541726467,0.8461558541726467,1.4397671990577228e-07,5.169868052735868e-10,0.0035907417176208527,0.5054906623282178,8.674017559038871,8.674017559038871,0.082800227384226,0.04873064091216277,0.5885326943058341,1.809127113391301,-1.068186682908729,1.068186682908729,1.8239616221795163,0.01388756200063458,0.007613955157692532
Synthetic_Radial_047,Synthetic_Radial,0.9814065812395077,-10.264604706769996,10.264604706769996,0.9848671618182911,0.0003371372466234748,0.00034231748168016854,0.0028091258767997188,7.459499686203517,7.459499686203517,0.0024762039213692406,4.463060017104414e-05,0.018023798350315763,1.4627436905710317e-07,0.4204049411442494,0.4204049411442494,1.4605927510015962e-07,5.106351781168557e-10,0.003496057896417707,0.4663483320503558,6.824647267558722,6.824647267558722,0.08075082213446422,0.05650072374319221,0.6996922415032375,1.8148543906326444,-0.7514086681246602,0.7514086681246602,1.826551933373067,0.015567484427436254,0.008522880813292553
Synthetic_Radial_048,Synthetic_Radial,0.984287337660823,-0.8793957552136392,0.8793957552136392,0.9844863476293192,0.0002263030796281896,0.00022986919033758692,0.0021936291678890368,1.32109300003513,1.32109300003513,0.0021586100306563412,2.650769923894179e-05,0.012279985198902253,1.4565446809900202e-07,2.140390511101458,2.140390511101458,1.444926392104557e-07,5.418116423242992e-10,0.0037497265989345587,0.21540804634707494,4.14529616570119,4.14529616570119,0.05460634797652162,0.038791365426891745,0.7103819768877417,1.8128376058539175,-0.863558419076662,0.863558419076662,1.8194374094136452,0.007642567558916028,0.004200511388503778
Synthetic_Radial_049,Synthetic_Radial,0.9852162307951148,-0.17142463096728278,0.17142463096728278,0.985293236295643,0.00044920907761219613,0.00045591409852828056,0.002697083494571137,1.287323561064818,1.287323561064818,0.002588079193366141,8.467513779325914e-05,0.032717367373295295,1.4576113125342498e-07,-2.1661372020950607,2.1661372020950607,1.4682135015201098e-07,4.884514057376282e-10,0.0033268191473022684,0.34450059283051876,3.4317140009170126,3.4317140009170126,0.09557581470796184,0.07253657445014597,0.7589427793111393,1.799628830863973,-1.748842997402322,1.748842997402322,1.8348047877911853,0.020113844969338452,0.01096238962486106
Synthetic_Radial_050,Synthetic_Radial,0.9837729300624518,-3.33962137155689,3.33962137155689,0.9846201906126498,0.00025369958225635947,0.00025766238055533375,0.0023545690718295965,3.195778534006982,3.195778534006982,0.0022327698920745127,3.8112521022096314e-05,0.017069614356728702,1.4474512482017905e-07,2.014079881461733,2.014079881461733,1.4365241608907634e-07,5.415349516473387e-10,0.0037697325019513963,0.24760373453714607,3.8682813597424652,3.8682813597424652,0.06234999064864847,0.047890452285239866,0.7680907693209073,1.8210441339181243,-0.2956838068366483,0.2956838068366483,1.823964563375392,0.009876866400686935,0.005415053888110408
Synthetic_Radial_051,Synthetic_Radial,0.9844823175747257,-0.779812826411643,0.779812826411643,0.9846811541980842,0.00025497993344589844,0.00025894669798295564,0.002307759705341157,1.6728400814064475,1.6728400814064475,0.002239735134413129,4.0664119667670666e-05,0.01815577164670857,1.4475258215587414e-07,1.1908915945602316,1.1908915945602316,1.4420268250802293e-07,4.6075457981486133e-10,0.003195165142812679,0.21873989454215143,3.24172173165546,3.24172173165546,0.06228860179985065,0.048261789780199175,0.7748093292333315,1.8200371394259474,-0.6156135584849928,0.6156135584849928,1.826215393679181,0.010035929468191842,0.005495479614793675
Synthetic_Radial_052,Synthetic_Radial,0.9837588451966673,-3.3231999312049374,3.3231999312049374,0.9845392368165274,0.00023483137719431226,0.00023851906395665106,0.0022670388069358145,2.888910312063448,2.888910312063448,0.0021846109065583354,2.853252215701131e-05,0.013060688316758946,1.462476814374675e-07,1.853856492555314,1.853856492555314,1.4521448269552948e-07,5.563240140685836e-10,0.003831024101162942,0.24078501263028745,4.529625067885364,4.529625067885364,0.05585727281157427,0.04082627966833385,0.7309035621077309,1.8207984696728825,0.13173319502572028,0.13173319502572028,1.8197934435371983,0.007629254990408805,0.00419237414965918
Synthetic_Radial_053,Synthetic_Radial,0.9828098662122114,-7.239543807212553,7.239543807212553,0.9847482009663547,0.0002677426642508382,0.00027188946777239567,0.0025582808527265743,5.50105497132334,5.50105497132334,0.0023477295722192783,3.827470841571877e-05,0.016302860794667817,1.4564171436435625e-07,1.89727479799231,1.89727479799231,1.4462293440324222e-07,5.359701648870777e-10,0.0037059575726427077,0.38253250555479973,5.8984581614119325,5.8984581614119325,0.07169604694897065,0.05269791699692666,0.7350184457686928,1.8153034476203331,-0.629324727053025,0.629324727053025,1.8229013379021322,0.012073083981220277,0.006623004619168167
Synthetic_Radial_054,Synthetic_Radial,0.9847134365403939,0.8068889918413161,0.8068889918413161,0.9845046079243625,0.0002588071188677486,0.00026288055615415604,0.002152251159721026,1.2581592662839707,1.2581592662839707,0.002112817820765479,3.134208740826256e-05,0.014834259293625697,1.4377810184033212e-07,0.03172704117384796,0.03172704117384796,1.437605476644423e-07,5.522875187962028e-10,0.0038416915216112723,0.06296782423534025,0.3410886473086414,0.3410886473086414,0.0512296909748449,0.034413731892790796,0.6717536498320295,1.8175932325165691,-0.633533884845551,0.633533884845551,1.8224233598211637,0.007624102545262492,0.004183496937839114
Synthetic_Radial_055,Synthetic_Radial,0.984722907368898,-1.0165690305636108,1.0165690305636108,0.9851243446503137,0.00039489426524885653,0.0004008572799899996,0.0026844115480367404,1.672229527543959,1.672229527543959,0.00255896476917394,7.501767856881296e-05,0.029315635542615848,1.4588974335270435e-07,-1.402531172922435,1.402531172922435,1.4663862526851552e-07,5.329502823675103e-10,0.0036344220151382114,0.35037062822709975,3.615631979679728,3.615631979679728,0.09314473197765025,0.07114272074466463,0.7637868426200559,1.8231190072543662,-0.5780807238155422,0.5780807238155422,1.8340414225824078,0.01889427354603979,0.010301988446599833
Synthetic_Radial_056,Synthetic_Radial,0.980542439076253,-12.349457507076677,12.349457507076677,0.984879787835029,0.0003512177554310457,0.00035660977082567496,0.002898298799883973,8.72949071993899,8.72949071993899,0.002508832145097891,4.461504783629727e-05,0.01778319362883214,1.450556441598808e-07,0.7357312794784105,0.7357312794784105,1.4474268191629686e-07,4.2437574833819066e-10,0.0029319120718761383,0.4836222692426819,7.187703191154957,7.187703191154957,0.08340872484095961,0.05568031035102136,0.6675597841415604,1.8075745789976367,-1.0546923237021564,1.0546923237021564,1.8237714487914913,0.015356961863480742,0.008420442086451402
Synthetic_Radial_057,Synthetic_Radial,0.9830301683044526,-6.352499344070425,6.352499344070425,0.9844789253212554,0.00022806094609086568,0.00023165650398886207,0.002341849512756136,6.625230094547297,6.625230094547297,0.0021943567288678087,2.2262287521830676e-05,0.01014524540099357,1.4496173088902757e-07,-1.1012464857198372,1.1012464857198372,1.4551255516984801e-07,4.991825549167549e-10,0.0034304883440865234,0.257355290323671,5.364674341816209,5.364674341816209,0.05558435157813754,0.03761103207466258,0.6766478515291184,1.8102861787938545,-1.38417259180879,1.38417259180879,1.8201280458325166,0.007110288915934245,0.0039064773119729225
Synthetic_Radial_058,Synthetic_Radial,0.9790114942466904,-18.277769261836543,18.277769261836543,0.9847801474038446,0.0003156103491754406,0.00032048813129220477,0.0029075694959850096,13.664523578634768,13.664523578634768,0.002439548772335643,3.4250788715138155e-05,0.014039804856332664,1.4485975298312662e-07,0.12179858329610642,0.12179858329610642,1.4480397174739805e-07,4.569793476986029e-10,0.0031558263655185183,0.4663953228455629,8.988495672919509,8.988495672919509,0.0701537456223486,0.04408319162994318,0.6283797285268741,1.8118553070966856,-0.8847926787413626,0.8847926787413626,1.8216461625795382,0.01106570580567579,0.006074563783561648
Synthetic_Radial_059,Synthetic_Radial,0.9847608001162481,-0.89986928362364,0.89986928362364,0.9851235803682147,0.00040314772119549874,0.00040923568294284755,0.002627410214675724,1.7648408276951801,1.7648408276951801,0.002499215862352682,7.263791076593498e-05,0.029064280453346553,1.4584272818680556e-07,-1.2725629461200365,1.2725629461200365,1.4649974621738987e-07,5.152951134067808e-10,0.003517354871641019,0.3327952644805105,3.523471214824407,3.523471214824407,0.08874799581726547,0.06926330705723778,0.7804492531760644,1.823432505468278,-0.4265494887251222,0.4265494887251222,1.8312528260952587,0.01833391161697938,0.010011676899940886
Synthetic_Radial_060,Synthetic_Radial,0.9752322281423463,-22.205471779523716,22.205471779523716,0.9848962377265909,0.00043520847735153707,0.00044188256658962883,0.003440107515472602,17.292798268763722,17.292798268763722,0.0026498986054598055,4.5695837101585005e-05,0.01724437191301951,1.4559562830334402e-07,-0.04371532420426212,0.04371532420426212,1.4561667959871012e-07,4.805541403225094e-10,0.003300108487148055,0.513095251869859,8.455559858910357,8.455559858910357,0.07540210448634352,0.051763946406674026,0.686505327120714,1.8137253187251658,-0.6582117526780038,0.6582117526780038,1.822363212164189,0.013123274391897172,0.007201239744246772
Synthetic_Radial_061,Synthetic_Radial,0.9785237201726428,-12.603432741991476,12.603432741991476,0.9851356249453574,0.0005246114209886669,0.0005325271035825479,0.003349733723972605,8.93414781647293,8.93414781647293,0.002725324771922934,6.989015135436061e-05,0.025644705559037955,1.4389792775828458e-07,-0.12666398706094262,0.12666398706094262,1.4396667583387532e-07,5.417594471478539e-10,0.003763063090446716,0.5800716876521713,6.656416132781689,6.656416132781689,0.10377656984041071,0.07155428811901253,0.6895033072336112,1.815539017852584,-0.5321544750787507,0.5321544750787507,1.8280236598342332,0.023460559979824328,0.01283383825674276
Synthetic_Radial_062,Synthetic_Radial,0.9839077686400977,-3.720546383955221,3.720546383955221,0.9847634947048423,0.00023000010555287098,0.00023355872429204342,0.002445088056838455,2.7787297151615866,2.7787297151615866,0.002317658840538188,4.58588011731567e-05,0.019786691790548885,1.4559542439756903e-07,-1.5063815155794857,1.5063815155794857,1.4634365906461624e-07,4.957099365656874e-10,0.003387277265423225,0.29808047319849484,4.215607806477481,4.215607806477481,0.06895856718574889,0.054350859123202526,0.7881668854286551,1.806063335749904,-1.5641975034303,1.5641975034303,1.824635352696198,0.011873191783007676,0.006507158685408885
Synthetic_Radial_063,Synthetic_Radial,0.985990634336344,1.3091825669353165,1.3091825669353165,0.9853500425572674,0.0004893066818533891,0.0004965815808796239,0.002612273765395827,0.5076401701856873,0.5076401701856873,0.0025705257822085242,8.223932054941955e-05,0.03199319029851108,1.4370070012620473e-07,-3.491647219168437,3.491647219168437,1.4561920983846062e-07,5.484569158429478e-10,0.0037663516379447736,0.2659602166389199,2.644972667390519,2.644972667390519,0.08978485746272119,0.06660762938898913,0.7418581626183776,1.793562110982852,-2.098262697849269,2.098262697849269,1.8374203439863173,0.020902164941654842,0.011375821003644617
Synthetic_Radial_064,Synthetic_Radial,0.9860525664248243,1.8645937311684033,1.8645937311684033,0.9852656179161474,0.0004220482422834124,0.0004283598601315479,0.002563582355422492,0.5249896175432366,0.5249896175432366,0.0025236863740042558,7.599384742110772e-05,0.03011223905386404,1.4384578456000452e-07,-2.8946518574141398,2.8946518574141398,1.4540020415360365e-07,5.359970794994762e-10,0.003686331778471671,0.22075048342962988,2.2355258340975257,2.2355258340975257,0.08125748730215374,0.06239829305374745,0.767908227594501,1.802754620413118,-1.658499337000868,1.658499337000868,1.8341515117708107,0.018930903772810984,0.01032134131303227
Synthetic_Radial_065,Synthetic_Radial,0.9812048576077966,-10.477662175493604,10.477662175493604,0.9849006698298988,0.00035273252274430793,0.0003581401998689572,0.0028360350686195703,7.480492799467274,7.480492799467274,0.0024784706426649004,4.779958059710199e-05,0.01928591759570774,1.4482869940320407e-07,0.5730701710616808,0.5730701710616808,1.4455512839821293e-07,4.763778479593822e-10,0.003295452453230419,0.4834491828036274,6.709201618536096,6.709201618536096,0.08400163613070889,0.05953726976435181,0.7087632158854785,1.8169301771871207,-0.5842279704829526,0.5842279704829526,1.826216952295605,0.015895807077198416,0.00870422709481929
Synthetic_Radial_066,Synthetic_Radial,0.9824698825948764,-7.967994840852555,7.967994840852555,0.9848287790300543,0.00029604643003978737,0.0003006070053426538,0.0026873053705377893,5.652302343511242,5.652302343511242,0.0024256637628529017,4.628938548075827e-05,0.019083182991212536,1.4440825865619726e-07,0.6454451647941675,0.6454451647941675,1.440503585244113e-07,5.535012207196406e-10,0.003842388064850099,0.41933631781534736,5.612979971068699,5.612979971068699,0.08236332181079822,0.0600345979739488,0.7288996686064825,1.815909201883598,-0.6317415636793733,0.6317415636793733,1.8257116611475852,0.015516565359835078,0.008498913431967318
Synthetic_Radial_067,Synthetic_Radial,0.9792950272607984,-14.385335290701695,14.385335290701695,0.9849156493182621,0.00039071887651526675,0.00039670288190193486,0.0030406971330383397,10.843431383893895,10.843431383893895,0.0025518085723513057,4.508614778249667e-05,0.017668311116019474,1.4387466615205437e-07,-0.5479654368500024,0.5479654368500024,1.4415957970170443e-07,5.189480304595454e-10,0.0035997915070357465,0.5121973630794432,7.637996366990311,7.637996366990311,0.08501016079612236,0.05592922302528044,0.657912213091281,1.8138884109842566,-0.6612835204317945,0.6612835204317945,1.8244313192938921,0.015943098509532086,0.008738667408808673
Synthetic_Radial_068,Synthetic_Radial,0.9834657334422706,-4.640221754704839,4.640221754704839,0.9845218722506697,0.00022760524379852886,0.00023118353204076606,0.0022873947730613037,4.308263908310082,4.308263908310082,0.0021763994633920724,2.5763348699895517e-05,0.011837601102834272,1.4235656648774354e-07,0.7446293637639012,0.7446293637639012,1.4201027845612022e-07,4.6404751017731577e-10,0.0032676806745367123,0.28203164442535494,5.445342986619095,5.445342986619095,0.05766388349198886,0.041203604893073266,0.7145478659633298,1.8103169511661166,-1.191254148533519,1.191254148533519,1.820203016345418,0.008298871563452881,0.004559310960878802
Synthetic_Radial_069,Synthetic_Radial,0.9820169869589539,-9.223177836141154,9.223177836141154,0.9848607614918697,0.00030832914362220087,0.00031306876634503133,0.0027543689714748217,6.1813217515600485,6.1813217515600485,0.0024747709066036717,4.5232730138867616e-05,0.01827754237771714,1.472268411134826e-07,2.2093794376193094,2.2093794376193094,1.4611819570148458e-07,5.00790409162412e-10,0.0034272732392088023,0.46648229716066547,6.576373864687023,6.576373864687023,0.08097013995958395,0.058620778734095304,0.7239802075509779,1.8105233191212917,-0.9287749731666568,0.9287749731666568,1.824701492243647,0.015265455606632174,0.00836600160163921
Synthetic_Radial_070,Synthetic_Radial,0.983348972716351,-4.689441668387328,4.689441668387328,0.9848347508963569,0.00031683477061510086,0.0003217136380762447,0.002559536426197783,3.7439676154646584,3.7439676154646584,0.0023750242721245676,4.9282517713858044e-05,0.020750321700511408,1.4416021143465394e-07,0.6677642346284356,0.6677642346284356,1.4382523353938931e-07,5.00640965319167e-10,0.0034808737808047917,0.3902626132586441,5.140245063311352,5.140245063311352,0.07894213045012355,0.060565299702428445,0.7672113655448786,1.8200574134356442,-0.40839593474377495,0.40839593474377495,1.826024624111306,0.014611337105980879,0.008001719644434673
Synthetic_Radial_071,Synthetic_Radial,0.9827850044783373,-7.617146570251653,7.617146570251653,0.9845986370679174,0.00023809868501756446,0.00024182309019477006,0.0024057033913594335,6.695444225050043,6.695444225050043,0.002235355851417346,2.544230487490471e-05,0.011381769415993,1.470620931260718e-07,1.5814259275454265,1.5814259275454265,1.4628669203147105e-07,4.893176817166943e-10,0.0033448998676623236,0.29762545227976117,6.250642316342053,6.250642316342053,0.05709172127729285,0.038481442197924515,0.6740284114109509,1.8146073578499393,-0.5514561970761399,0.5514561970761399,1.81893716075949,0.007851580836258833,0.004316576188358327
Synthetic_Radial_072,Synthetic_Radial,0.9832891143868668,-3.663259826017443,3.663259826017443,0.9854632613375407,0.0005935006115507376,0.0006022554415114311,0.0030846504783264075,3.2937267270108057,3.2937267270108057,0.0027582718234852944,9.909099284736009e-05,0.03592502811641884,1.4515306327861102e-07,0.23416153551143223,0.23416153551143223,1.4503413969549285e-07,5.068698465929821e-10,0.0034948071733317586,0.5280900346465103,4.545946486630591,4.545946486630591,0.11507400389622603,0.09085369393599298,0.7895240528619782,1.833527409473097,-0.1044719771585948,0.1044719771585948,1.8363089078865105,0.026624349313181077,0.014498840145479511
Synthetic_Radial_073,Synthetic_Radial,0.9839201462032033,-2.9094720988897964,2.9094720988897964,0.9847803669352229,0.00029566213384149526,0.00030023154783369397,0.0024495023570950073,2.6011051676278187,2.6011051676278187,0.0023244445059131254,4.8078735968537655e-05,0.020683968073037146,1.4397867084581308e-07,0.5446070305534466,0.5446070305534466,1.436883743359238e-07,5.320384912480135e-10,0.0037026989205491893,0.33144634010604274,4.524614073186028,4.524614073186028,0.07226576724215383,0.05728236014543912,0.79266245043383,1.808955082790475,-1.2404028642949547,1.2404028642949547,1.8252307629554707,0.013121285537345477,0.007188836504208318
Synthetic_Radial_074,Synthetic_Radial,0.9832169510818464,-5.709580365559106,5.709580365559106,0.984457636779632,0.00021729892787919594,0.0002207295872982465,0.0023011957282015774,6.0141605189670635,6.0141605189670635,0.0021843841224854946,1.9422760555447365e-05,0.008891641514247777,1.4655841039388839e-07,0.6349274268056225,0.6349274268056225,1.462071781460876e-07,5.521848727465791e-10,0.0037767030527857998,0.25366421469726125,6.7457559324987155,6.7457559324987155,0.05075197686274266,0.030079985083689725,0.5926859788032994,1.8064364674157969,-1.7934898886326744,1.7934898886326744,1.8169742260214357,0.005875560643321543,0.003233706102801368
Synthetic_Radial_075,Synthetic_Radial,0.9842534000341023,-1.7721477218257229,1.7721477218257229,0.9846979479398054,0.0002508526227559037,0.0002547508332687046,0.0023806301073874556,2.2679144104693467,2.2679144104693467,0.002281297327687553,4.379917380190332e-05,0.01919923950776785,1.4323307381264674e-07,-0.7303893029768781,0.7303893029768781,1.4358897066287234e-07,4.862700747054428e-10,0.003386518379108328,0.28342892031460587,4.110909774543853,4.110909774543853,0.06750429894590995,0.05252477753261904,0.7780952969221732,1.8260735958147827,0.1204055168068019,0.1204055168068019,1.8247086520785982,0.011336222560750146,0.006212620599913521
Synthetic_Radial_076,Synthetic_Radial,0.9836612467023946,-4.1918834964713,4.1918834964713,0.9847361960961005,0.0002564358934161445,0.0002604107520699468,0.002459524775433313,3.1807147209893794,3.1807147209893794,0.0023067376229223245,4.8035477159280834e-05,0.02082398824258235,1.4298338358211857e-07,0.023635608577296123,0.023635608577296123,1.429717586676781e-07,4.908390149526656e-10,0.0034330946645126864,0.32582795664958736,4.490248325299972,4.490248325299972,0.07210987925219758,0.05650424186193529,0.7835853068555749,1.81428997844858,-0.8259636711863049,0.8259636711863049,1.8246475770561539,0.012540017155804996,0.0068725694284645965
Synthetic_Radial_077,Synthetic_Radial,0.980245044442362,-14.69391940175282,14.69391940175282,0.9847038930259668,0.0003034485522207901,0.0003081622347282422,0.0027606530973631966,13.010916438204166,13.010916438204166,0.0023858974288417383,2.8803171343883257e-05,0.012072258842155605,1.467651519012715e-07,2.058594711455585,2.058594711455585,1.4569260386019814e-07,5.20009810772804e-10,0.0035692013718857897,0.4193206927090957,8.96443654258425,8.96443654258425,0.06364815025663688,0.039675950714127294,0.6233637671091115,1.8144610245240254,-0.5019500430206087,0.5019500430206087,1.8188928662215273,0.008829248564917609,0.004854188352090342
Synthetic_Radial_078,Synthetic_Radial,0.9830477580754686,-6.402439729098581,6.402439729098581,0.9845059990161846,0.00022776332086126098,0.00023134782427799646,0.002363396685406656,6.591779923473132,6.591779923473132,0.002222436095351872,2.1384297579633634e-05,0.009622007856485029,1.4696731921130083e-07,2.5192302842349963,2.5192302842349963,1.457156289383707e-07,4.958542497932995e-10,0.0034028666007845667,0.2800341798759785,6.537941664980525,6.537941664980525,0.05528959177418301,0.034375434901639954,0.6217342866522941,1.8195312130600412,0.0968795602195587,0.0968795602195587,1.8188623863168483,0.006903693014091538,0.0037956104134230575
Synthetic_Radial_079,Synthetic_Radial,0.9840831524472349,-1.825761512782443,1.825761512782443,0.9845050024833226,0.0002310542923095626,0.00023469082607657137,0.0022287088052763836,2.472313692454789,2.472313692454789,0.002160536231920863,2.7574401699615073e-05,0.012762758281696023,1.4446070542654922e-07,0.7059020655808416,0.7059020655808416,1.4410342383717357e-07,5.051347838409755e-10,0.003505338492673461,0.1978129329378586,3.569074235374467,3.569074235374467,0.05429776767566093,0.04021075376807649,0.7405599804310276,1.8149688971381472,-0.7161537745125788,0.7161537745125788,1.8206116469472975,0.007879243270447894,0.0043278001014961385
Synthetic_Radial_080,Synthetic_Radial,0.9802516468268079,-8.111469894745506,8.111469894745506,0.9852377120157121,0.00061469317466402,0.0006239034165732313,0.003303689567574568,6.087038023754643,6.087038023754643,0.002776550844165921,8.66002011593245e-05,0.031189848840729388,1.4512931510552446e-07,1.008519764850136,1.008519764850136,1.4456534812056322e-07,5.582027093738142e-10,0.0038612216233635016,0.5981546637279312,6.00270560945029,6.00270560945029,0.11336687350350984,0.08076154683568,0.7123910569207611,1.812454007529921,-0.64819188387561,0.64819188387561,1.829113934214421,0.025702152554333592,0.014051695782066335
Synthetic_Radial_081,Synthetic_Radial,0.9838532983108514,-3.5244564468605355,3.5244564468605355,0.9847031146874311,0.00024111983957474927,0.00024486551934086424,0.002394809745133917,2.9654211498360286,2.9654211498360286,0.002271781227887706,4.148770379127856e-05,0.018262191475009012,1.423772138956312e-07,-1.4124232712892149,1.4124232712892149,1.4309424787916678e-07,5.066622554378356e-10,0.003540734321699306,0.29196715437412185,4.14772000655446,4.14772000655446,0.06738058877444787,0.054146992863699096,0.803599283528807,1.8229516670436734,-0.08713236187480031,0.08713236187480031,1.8239074290326984,0.010969081617587978,0.006014056109963525
Synthetic_Radial_082,Synthetic_Radial,0.9853472319130591,-0.10471569074130889,0.10471569074130889,0.985402419556399,0.0005270236279251989,0.0005348308644928186,0.002770243962734039,1.697795870523861,1.697795870523861,0.002624825911678123,8.565107966321706e-05,0.0326311467932084,1.4440343973466368e-07,0.5812324571899203,0.5812324571899203,1.440758355427897e-07,5.626371262847898e-10,0.0039051185720808735,0.37949072222634334,3.5612079014145275,3.5612079014145275,0.10304278019160013,0.07762757740747897,0.7533529012162046,1.7989102074502996,-1.7140005519931776,1.7140005519931776,1.838156204598559,0.022897307180506504,0.012456671050703584
Synthetic_Radial_083,Synthetic_Radial,0.9848459867539551,-0.41898436546321194,0.41898436546321194,0.9849839334713562,0.0003292407267502459,0.000334259997104294,0.002494080067168979,1.6474650858866609,1.6474650858866609,0.002394371383025527,6.052248593925373e-05,0.025276983488459737,1.4558930205792504e-07,-0.2151998170326097,0.2151998170326097,1.4570688194944163e-07,5.453754251183631e-10,0.0037429370176940728,0.29154901029171526,3.544003116912921,3.544003116912921,0.07866977874034088,0.06006745042968906,0.7635390793100537,1.815058931246673,-1.0100112760758444,1.0100112760758444,1.829652491681227,0.014448908422333368,0.007897077990503371
Synthetic_Radial_084,Synthetic_Radial,0.9855363641913194,0.37797436955243935,0.37797436955243935,0.9853710849564848,0.0004372763017034519,0.0004437681482426682,0.0027025037670848824,0.9871205616935261,0.9871205616935261,0.0026163522180276317,8.727560889049516e-05,0.03335774451764418,1.4441654188535776e-07,-2.825409199411819,2.825409199411819,1.459666407414646e-07,5.476280912617998e-10,0.00375170886149862,0.3120796868092491,3.0276608348962712,3.0276608348962712,0.09719863603962313,0.07097262952637169,0.7301813319346316,1.791117489234827,-2.1532279951512168,2.1532279951512168,1.8352192459821546,0.020481693923953107,0.011160352622054568
Synthetic_Radial_085,Synthetic_Radial,0.9831597529708662,-5.656004654350244,5.656004654350244,0.9845928943047144,0.0002533840432910378,0.0002573490472625354,0.002413368043626236,5.1271806850004635,5.1271806850004635,0.0022630043022870056,2.9326787068756463e-05,0.012959227265347843,1.4514571340891123e-07,-0.008626557462155167,0.008626557462155167,1.4515072215510727e-07,5.796193511157094e-10,0.0039931965154112025,0.3101407687409318,5.595413061075196,5.595413061075196,0.062405727088746386,0.04427466550592533,0.7094647810489161,1.8079246211384892,-1.4364033831257728,1.4364033831257728,1.8207204059530309,0.008908211275066925,0.004892684920724636
Synthetic_Radial_086,Synthetic_Radial,0.9831289145666664,-5.7422419487931835,5.7422419487931835,0.9846525385110277,0.0002653360746910553,0.00026947178249499244,0.0024799480836235396,4.869291717942281,4.869291717942281,0.002317397816690111,3.338273233151639e-05,0.01440526614666055,1.4614081144273352e-07,0.5752643904362635,0.5752643904362635,1.4587826443334071e-07,4.553936404853746e-10,0.0031217160454868205,0.36864638100668623,6.176176783123632,6.176176783123632,0.06591472738050293,0.04901602791669107,0.7436278638155455,1.817036082411352,-0.44989618975437523,0.44989618975437523,1.82182383584907,0.010641907058341364,0.005841348021103154
Synthetic_Radial_087,Synthetic_Radial,0.9852179002865132,2.1881290307830095,2.1881290307830095,0.984655389870174,0.0002570736945754231,0.0002610798632900968,0.002236457510048062,0.6508850874004887,0.6508850874004887,0.0022085059152005338,4.294397695955255e-05,0.019444809563124218,1.4583242899199194e-07,-0.041009050479155124,0.041009050479155124,1.4585388528513528e-07,5.222087281379383e-10,0.0035803307315833794,0.10014908287529486,1.1525432248600052,1.1525432248600052,0.05559846122536324,0.038654187268499604,0.6952384367459952,1.8146160632288861,-1.0609498862823368,1.0609498862823368,1.8248693686014716,0.009664269259175904,0.005295869077235392
Synthetic_Radial_088,Synthetic_Radial,0.9828386995982827,-6.881531876230824,6.881531876230824,0.9846722496062078,0.00026644503491682044,0.0002705926109150604,0.0024924904566424105,5.478255731182236,5.478255731182236,0.0023080115619331593,3.36747494610267e-05,0.014590372943466027,1.4653673962323865e-07,0.7928360999431919,0.7928360999431919,1.4611142856338302e-07,5.35442601296921e-10,0.0036645931257288495,0.3683864037722832,6.702355190346822,6.702355190346822,0.0651512094107661,0.04524308034160206,0.6944319338058411,1.8200382204876902,-0.2617006010698973,0.2617006010698973,1.822785209097554,0.010496684372797818,0.005758596416299033
Synthetic_Radial_089,Synthetic_Radial,0.9800656563356401,-8.767180246877144,8.767180246877144,0.9852390646882118,0.0005900880554665462,0.000598928804810116,0.003373923932841367,6.434946628197306,6.434946628197306,0.0028175959581995787,8.645416976250699e-05,0.030683664732067135,1.4644313667305744e-07,0.2969729394179255,0.2969729394179255,1.4628323726733104e-07,5.374308955550182e-10,0.0036738811070455646,0.5690870841103693,5.5421757821793545,5.5421757821793545,0.11442966679974903,0.08203590704701409,0.7169111764509403,1.8278453216863373,-0.11219770546037026,0.11219770546037026,1.8307518090917463,0.025905052098622552,0.014149953024741322
Synthetic_Radial_090,Synthetic_Radial,0.9830163523254724,-6.981045742399004,6.981045742399004,0.9844960561176651,0.0002119601904661372,0.00021529816107317023,0.002330609067028107,5.849670767239163,5.849670767239163,0.0021951265405823284,2.316070869404686e-05,0.010550967452360064,1.4290848884397793e-07,0.16082310334688593,0.16082310334688593,1.42840090261503e-07,4.243032123586873e-10,0.0029704562712445284,0.29014027891330213,6.089821458936195,6.089821458936195,0.05797223975620498,0.038123948414008804,0.6576242107201082,1.8098614684081413,-1.4833539999691412,1.4833539999691412,1.8204075994714868,0.007109652221979039,0.0039055276543776547
Synthetic_Radial_091,Synthetic_Radial,0.9817210494676244,-6.314181015491637,6.314181015491637,0.9852541318608723,0.0005595472125783876,0.000567921711245189,0.0031184299045416775,4.877361246874121,4.877361246874121,0.002710161451773841,8.370682982568344e-05,0.03088628898474288,1.4698195294411353e-07,2.580019664820007,2.580019664820007,1.4572667285441759e-07,4.855389620135016e-10,0.0033318240283611513,0.5489040870223203,5.310563009028625,5.310563009028625,0.10764865386039672,0.08309014174324328,0.7718641967434742,1.8135235176424969,-0.7280249274985287,0.7280249274985287,1.8313138577307135,0.024436443609995213,0.01334366772076004
Synthetic_Radial_092,Synthetic_Radial,0.9837219701691967,-3.593155708598674,3.593155708598674,0.984525276194539,0.00022356560274489748,0.0002270795967868016,0.0022485185630660297,3.5792121834993975,3.5792121834993975,0.0021633110579158676,2.3806216899843713e-05,0.01100452789797787,1.4463845274182725e-07,1.7291944093723388,1.7291944093723388,1.438279006946342e-07,4.67745470607479e-10,0.0032520965421306953,0.22791216504390835,4.506712037106522,4.506712037106522,0.05406627159016634,0.038574883866076985,0.7134740889434583,1.8095505949835988,-1.3679283267635678,1.3679283267635678,1.8195443989223465,0.007305795005374657,0.004015178200486678
Synthetic_Radial_093,Synthetic_Radial,0.98250597192613,-7.471032323366368,7.471032323366368,0.9848708866925882,0.0003165445759872623,0.00032140718165603094,0.002677200457866469,4.7272482521900985,4.7272482521900985,0.0024235118270410695,5.366517952185379e-05,0.02214355997809653,1.441718736556843e-07,0.6754883497087505,0.6754883497087505,1.4380793711994854e-07,5.377754443028949e-10,0.003739513378465107,0.4305402418143854,5.647418279364813,5.647418279364813,0.08130482959497325,0.06183983458243942,0.760592389034441,1.8179803026372388,-0.45219784601841667,0.45219784601841667,1.8250549811208339,0.015645095494008127,0.008572396807679362
Synthetic_Radial_094,Synthetic_Radial,0.977369177206307,-15.456450890773526,15.456450890773526,0.9851096481089258,0.0005007922544355155,0.0005083619426490821,0.003417377389052696,11.220792705929693,11.220792705929693,0.002732072785555575,6.107452568071908e-05,0.022354648083046862,1.4522934146746737e-07,0.8404999392930534,0.8404999392930534,1.4480910665513755e-07,4.989819663083905e-10,0.003445767549199493,0.5946187829593764,7.999234169704954,7.999234169704954,0.09808361893779473,0.06207283765914517,0.6328563151598159,1.8170926521776483,-0.4406886160700803,0.4406886160700803,1.8255700056222013,0.019236606381418827,0.01053731509729311
Synthetic_Radial_095,Synthetic_Radial,0.9852141663679246,0.5831857764529964,0.5831857764529964,0.9850258179441442,0.0003229647066201103,0.0003278743569319278,0.0024876826383689126,1.4688750171517717,1.4688750171517717,0.002392976523108194,6.447527031638386e-05,0.026943544855882892,1.4512510858814126e-07,-1.2660230605465344,1.2660230605465344,1.4584083935486298e-07,5.643378591798674e-10,0.003869519622601016,0.2468169836920173,3.00493513736008,3.00493513736008,0.07725908904289613,0.056426474081925644,0.7303538623121213,1.823251481341095,-0.42544398490772,0.42544398490772,1.8297049020056955,0.01516867294662739,0.00829022916755124
Synthetic_Radial_096,Synthetic_Radial,0.9818525332596231,-6.406083936241213,6.406083936241213,0.9851930214268435,0.0005214555716193739,0.0005292927987488447,0.0029901348166146936,4.547637771834279,4.547637771834279,0.0026183231362110143,8.175929889553894e-05,0.03122582454915298,1.420239182052427e-07,0.3792346240699771,0.3792346240699771,1.4183623953815978e-07,4.938880064502824e-10,0.0034820757091610422,0.5242707797203928,5.1515280757796225,5.1515280757796225,0.10545538846118657,0.08129925433642754,0.770935042030396,1.8138059106361073,-0.7451242504768839,0.7451242504768839,1.830963726585074,0.02302678504590406,0.01257631962422253
Synthetic_Radial_097,Synthetic_Radial,0.9815376802173789,-12.688293485211252,12.688293485211252,0.9846011624026839,0.00024144162303523173,0.000245217690425843,0.0025214224926162414,9.785421816938127,9.785421816938127,0.0022675129105523377,2.5947739098888487e-05,0.011443259690691104,1.4400868903734104e-07,-1.0127353835751547,1.0127353835751547,1.444757449858132e-07,4.6018261102260726e-10,0.003185167350411961,0.3622462645357672,7.991590641425621,7.991590641425621,0.05951024781323874,0.037881822317732204,0.6365596466003691,1.8123635124676698,-0.9019759510369944,0.9019759510369944,1.8201074360447216,0.008585510031887967,0.004717034754025529
Synthetic_Radial_098,Synthetic_Radial,0.9830934925091585,-4.431421478528194,4.431421478528194,0.9851806222236097,0.0004709842474097086,0.0004780689315084089,0.002867343309277132,3.6115753353048112,3.6115753353048112,0.002589418919779759,7.695378334461397e-05,0.029718552964554945,1.4519619167924247e-07,2.768795987097126,2.768795987097126,1.4378468288871117e-07,5.087915473400982e-10,0.0035385410919799177,0.4758008817038293,4.74686866044794,4.74686866044794,0.09976999337437403,0.0792166194649304,0.7939924298369576,1.807548180507752,-1.1017636416881544,1.1017636416881544,1.8308785487059254,0.021175474770000688,0.011565745190993721
Synthetic_Radial_099,Synthetic_Radial,0.9822475209271266,-9.749204091154207,9.749204091154207,0.9846633678271821,0.00024779939651671176,0.00025165899800179355,0.002565210183934193,6.926110971898134,6.926110971898134,0.0023397383223454494,3.255388999359924e-05,0.013913474711587583,1.4780929149056572e-07,2.156087678775544,2.156087678775544,1.4677532349022444e-07,4.785574922669516e-10,0.0032604542809578163,0.3931556302500662,7.126107587211768,7.126107587211768,0.06747942490159038,0.04570183671178294,0.6772706906995075,1.8094493817001125,-0.9972286124074319,0.9972286124074319,1.820525469186544,0.011106868924162995,0.00610091378129399
Synthetic_Elliptical_000,Synthetic_Elliptical,0.9825467749207966,-4.28244801226644,4.28244801226644,0.984719833852115,0.0005074338137466276,0.0005153078025869423,0.0035685407232011277,-5.884599506163853,5.884599506163853,0.0040470093384220255,8.130861052398281e-05,0.02009103604776828,1.457421072903877e-07,-33.67301016118981,33.67301016118981,1.8431285546154142e-07,1.1444499608594201e-09,0.006209245409107178,0.44860445403551014,4.69644980479487,4.69644980479487,0.11226750277391057,0.071615148726495,0.6378974053611842,1.7640792371263705,-3.504529696788615,3.504529696788615,1.8164207546779023,0.014935389931490831,0.00822242858270524
Synthetic_Elliptical_001,Synthetic_Elliptical,0.9844699576707501,-1.8995504454722716,1.8995504454722716,0.9851828299885352,0.0003752847509708413,0.0003809290413382739,0.002601926962935628,-8.766904944096549,8.766904944096549,0.002974630455869424,4.2512549929934146e-05,0.014291708010908831,1.4532077032967586e-07,-24.44662016943573,24.44662016943573,1.6354335976316846e-07,7.444032216803247e-10,0.00455168996814264,0.2525594898296962,3.519435820447137,3.519435820447137,0.07320859669955981,0.0509601260760683,0.6960948354809622,1.854415686119325,1.9929849220228617,1.9929849220228617,1.8138036490138447,0.020377493404348742,0.011234674390150577
Synthetic_Elliptical_002,Synthetic_Elliptical,0.9845019970758582,-0.5009959662896316,0.5009959662896316,0.9847246206543437,0.00044436201679091535,0.0004512551097739266,0.0031781249466831577,-14.834168781864156,14.834168781864156,0.004333146895098675,7.786226182038907e-05,0.01796898736354678,1.4292011583787404e-07,-45.53323230151142,45.53323230151142,2.0593055460406667e-07,1.3828340829605694e-09,0.006715017936999839,0.3558304398342004,5.638063908983728,5.638063908983728,0.0683730666131998,0.05098512146294157,0.745690137764757,1.7638986938254435,-5.730656936603955,5.730656936603955,1.832053635935357,0.011893041732938233,0.006491644949499382
Synthetic_Elliptical_003,Synthetic_Elliptical,0.9848579973673387,-0.37663764790925636,0.37663764790925636,0.984951997570155,0.00024957728724521103,0.0002533903051728986,0.0024668579863117127,-3.667527393375793,3.667527393375793,0.0026038407931447422,3.735017860068815e-05,0.014344263552778463,1.4605878792094885e-07,-12.28090751158033,12.28090751158033,1.530381343196595e-07,5.67308685016107e-10,0.0037069517384432185,0.23414306746617214,3.3194575451694686,3.3194575451694686,0.08005184901385175,0.04642060226775218,0.5798816996611773,1.826329694627282,0.5527296102803733,0.5527296102803733,1.8200042586646377,0.011443996928051354,0.006287895686816516
Synthetic_Elliptical_004,Synthetic_Elliptical,0.9847698360863041,1.1864722840665336,1.1864722840665336,0.9844643204910323,0.0002574991410993682,0.0002615626953048648,0.0023282307848289585,1.416624736220172,1.416624736220172,0.002181978836853971,0.0001032397238442915,0.04731472278889298,1.4430319420631055e-07,0.8686232051052195,0.8686232051052195,1.4386975653512756e-07,4.979938889906652e-10,0.003461397583386411,0.18085975400961865,3.046010631856655,3.046010631856655,0.06227719898973677,0.038930446852890814,0.6251155717308577,1.7729336228176344,-1.521898001693342,1.521898001693342,1.79587464507855,0.015073955175621752,0.008393656660236459
Synthetic_Elliptical_005,Synthetic_Elliptical,0.9782652235218404,-5.269098164260341,5.269098164260341,0.9839242490045901,0.0010740026663130038,0.0010915501547994696,0.003756745989346939,4.934562300825352,4.934562300825352,0.003261829000187947,0.00010029602506825185,0.030748400676958967,1.4321855074168867e-07,-0.10659165163941244,0.10659165163941244,1.432704504323022e-07,4.859020210803936e-10,0.003391478341387974,0.5915779349172127,5.523138725160562,5.523138725160562,0.12998204118883566,0.08357492300891553,0.6429728464323494,1.8606397058341804,-0.5416519203780055,0.5416519203780055,1.889662079812123,0.05358122603377288,0.02835492472763795
Synthetic_Elliptical_006,Synthetic_Elliptical,0.9833713753874257,-2.9290435617638058,2.9290435617638058,0.984454397572856,0.0003697528424087729,0.0003755916407301469,0.0025941869211034197,0.9521930888914971,0.9521930888914971,0.002563698425434963,3.201923545964514e-05,0.012489470340772711,1.4617548423695657e-07,-3.4387153538986004,3.4387153538986004,1.479865323652155e-07,5.256641585223595e-10,0.003552084085199038,0.3197061080025081,4.545151592766187,4.545151592766187,0.07148955745516491,0.05461128093897811,0.7639057071022433,1.8064388097153439,-0.07028514235659754,0.07028514235659754,1.807608815214138,0.016646555153688052,0.009209157984608972
Synthetic_Elliptical_007,Synthetic_Elliptical,0.9822308827382292,-3.672664999357701,3.672664999357701,0.9847743312960392,0.0006925348635342777,0.0007032421962320495,0.002856785627291047,-1.765168649357705,1.765168649357705,0.0029722998673776856,6.54409075096039e-05,0.02201692642314797,1.4503014106267645e-07,-21.94799485952098,21.94799485952098,1.5896332379481874e-07,6.338271366620135e-10,0.003987228841863399,0.38460623523233634,5.455526816534679,5.455526816534679,0.0830772842911264,0.05527036362865575,0.665288521400235,1.8621898654609075,1.1421335334464306,1.1421335334464306,1.8294358442806165,0.028677926196871577,0.015675830495238182
Synthetic_Elliptical_008,Synthetic_Elliptical,0.9779023655192509,-7.142146157488342,7.142146157488342,0.9838042771111358,0.0008263498750378799,0.0008399535296426559,0.0042952793411848555,2.26439372678313,2.26439372678313,0.0040888501164615225,9.11631312246211e-05,0.022295542415533155,1.4622711205823512e-07,-30.091568740955662,30.091568740955662,1.6703723088579524e-07,6.905597856231682e-10,0.004134142118011936,0.5076519370042379,6.3388559971786655,6.3388559971786655,0.09669654497311239,0.06483116073431815,0.6704599502668347,1.7817681914873769,0.01086931980627827,0.01086931980627827,1.7814285066569797,0.03125170999109537,0.017543061579116993
Synthetic_Elliptical_009,Synthetic_Elliptical,0.9848753481635044,-0.6124217384797093,0.6124217384797093,0.98505585747929,0.00029474674694156716,0.00029921830798053476,0.0025143435387767,-0.7557560333871648,0.7557560333871648,0.002542585551198617,3.736921760265073e-05,0.01469732948428694,1.4646111879702844e-07,-5.531994505233005,5.531994505233005,1.4894249593177823e-07,4.475501806631442e-10,0.00300483198587026,0.220999493674991,2.7166819628280945,2.7166819628280945,0.07664233498253009,0.05313730523666705,0.6933153230272262,1.8403275653064255,0.12273924043556403,0.12273924043556403,1.8386243031432263,0.013877079221217793,0.007547533880350998
Synthetic_Elliptical_010,Synthetic_Elliptical,0.9775270723704315,-7.884040018062221,7.884040018062221,0.9843243256808796,0.00086215357697217,0.000875883643711561,0.004053357325648859,3.2244031438068514,3.2244031438068514,0.003372164282314648,0.00021126174666408667,0.06264871130668291,1.4665769986444573e-07,-20.504193809499185,20.504193809499185,1.6075566800374124e-07,6.865651035235631e-10,0.0042708343737728185,0.5561834212459211,4.981157315778704,4.981157315778704,0.1122995306511423,0.08911260224279934,0.7935260434777192,1.7458490716126878,-1.9817390728965727,1.9817390728965727,1.7838682069305927,0.01918473316487281,0.010754568689730843
Synthetic_Elliptical_011,Synthetic_Elliptical,0.9851389921530539,0.277796135851142,0.277796135851142,0.9850408489226481,0.0003532922797046924,0.0003586574913017405,0.0026641808512178956,-7.35252597493519,7.35252597493519,0.003072385040208996,5.5518903711478886e-05,0.018070294890393027,1.4274262118927962e-07,-29.000825142894328,29.000825142894328,1.629997110107954e-07,6.975004640972812e-10,0.004279125285846675,0.25106415727008874,2.9299449538070927,2.9299449538070927,0.0903025767632427,0.054868464438223234,0.6076068524763251,1.8292141507132937,1.4550329566804747,1.4550329566804747,1.8113778034866985,0.0122583802265429,0.006767434271823431
Synthetic_Elliptical_012,Synthetic_Elliptical,0.9832883218126557,-2.9325662310004783,2.9325662310004783,0.9845670630992791,0.0004360485605314346,0.0004428835544816744,0.0024655615247239884,-1.1271566085107623,1.1271566085107623,0.002505947552003144,3.5830004319770765e-05,0.014297986514854174,1.435297694656439e-07,-9.069379666893568,9.069379666893568,1.4825046642128424e-07,5.195093544459888e-10,0.0035042442883479203,0.2822460602659193,4.415485269122839,4.415485269122839,0.07089936888225971,0.04786488426474341,0.6751101599163168,1.8473496466218386,0.7362703731007088,0.7362703731007088,1.8330139359312911,0.01947071512525789,0.010622240640715515
Synthetic_Elliptical_013,Synthetic_Elliptical,0.9815981000785168,-4.943568394193077,4.943568394193077,0.9848850500132694,0.00066489419538932,0.0006750982720061461,0.003482058372946447,1.8511181440844464,1.8511181440844464,0.0033312402191407364,8.147408226566012e-05,0.024457582426228645,1.441048812935306e-07,-16.401870587487682,16.401870587487682,1.5339270935132376e-07,5.652663906687845e-10,0.0036850689187920495,0.5095467518671611,4.3607933586810015,4.3607933586810015,0.12211012199594712,0.08884544577091362,0.7275846122988465,1.822715073032138,0.5265168363405894,0.5265168363405894,1.802212238332033,0.038940511080477226,0.021607061727921394
Synthetic_Elliptical_014,Synthetic_Elliptical,0.9842654022865129,-2.0756810556229013,2.0756810556229013,0.9848538297803339,0.000283486468285305,0.00028784623637829305,0.0025796541450094257,-5.423586355146009,5.423586355146009,0.0028271846051286346,4.5639626344431786e-05,0.016143136265490552,1.4281108573281806e-07,-24.89170730473348,24.89170730473348,1.5739621014578889e-07,5.849431108687864e-10,0.0037163499297540527,0.27356331032700854,3.842225452285776,3.842225452285776,0.07490349290617504,0.05170436245452663,0.690279724586433,1.8018685952711595,-1.5558436039043197,1.5558436039043197,1.8186739859373093,0.010801465277372106,0.005939198207533221
Synthetic_Elliptical_015,Synthetic_Elliptical,0.9839266989614484,-2.0879021845079686,2.0879021845079686,0.9847059819012861,0.00037323728263328473,0.0003790342391464437,0.0026175552892951036,2.5931358941510427,2.5931358941510427,0.002528672262310182,3.427626935875837e-05,0.013555046201949755,1.4517674094492128e-07,2.37866856225359,2.37866856225359,1.4404922504615762e-07,4.730113509952084e-10,0.0032836557585636723,0.3727093940727762,4.63424545017836,4.63424545017836,0.08441554010365367,0.06220944856371227,0.7369430852019483,1.844655947001317,-0.5055546600399663,0.5055546600399663,1.8581775649242613,0.02674610480569948,0.014393729270310745
Synthetic_Elliptical_016,Synthetic_Elliptical,0.984450739359838,-0.25234768614814695,0.25234768614814695,0.9845464869455415,0.00037942723752561745,0.00038538275495996914,0.0026514814432753954,-4.705363203868427,4.705363203868427,0.002967818417843047,6.72290227462607e-05,0.022652673869605802,1.4458605950217026e-07,-22.82834664433761,22.82834664433761,1.6183871764518608e-07,7.547559209963729e-10,0.004663601320975383,0.2911950218162575,4.028697710589193,4.028697710589193,0.07680397471926682,0.053215967663557344,0.692880386169843,1.7760612721947178,-3.970929613310248,3.970929613310248,1.8288448263041317,0.013292493004287113,0.007268245404473337
Synthetic_Elliptical_017,Synthetic_Elliptical,0.9795785552307142,-4.444854177804378,4.444854177804378,0.9846326125998456,0.001137058081663105,0.001154804408376884,0.0036845591903132443,1.0523776705288026,1.0523776705288026,0.0035528770023738484,0.00012512826010537657,0.03521885502553381,1.4565853158471554e-07,-24.477297928497787,24.477297928497787,1.6198170051929051e-07,6.658697248469841e-10,0.004110745917386935,0.5166377211951889,5.65879427986207,5.65879427986207,0.10511911646477191,0.07272195884364058,0.6918052709025551,1.8689689644017562,0.5700827045883469,0.5700827045883469,1.8428326862532538,0.04584646742932703,0.024878258222407953
Synthetic_Elliptical_018,Synthetic_Elliptical,0.9847082996921006,0.3842522703648302,0.3842522703648302,0.9844714829192747,0.0006163054605164566,0.0006260267272428111,0.0030609497455661556,-7.566717292437663,7.566717292437663,0.003746341123951789,9.057975134129974e-05,0.024178191018967978,1.4538903216680036e-07,-33.89516683165621,33.89516683165621,1.847597410201098e-07,1.1605434450831308e-09,0.006281331405554465,0.3614955095676771,4.374103045079956,4.374103045079956,0.09180113004435697,0.06165707043008545,0.6716373796229088,1.7568822220574258,-5.307252295423511,5.307252295423511,1.8398485280852004,0.015632628977146963,0.00849669347150438
Synthetic_Elliptical_019,Synthetic_Elliptical,0.982695756118556,-5.3830576918593565,5.3830576918593565,0.9845971363754399,0.00035321565555135255,0.0003587412988537355,0.0027499050159128144,1.3033565133776537,1.3033565133776537,0.0026599605916814034,6.900983883140556e-05,0.02594393278655283,1.4599921809287045e-07,-13.152907056225683,13.152907056225683,1.5267121180291148e-07,5.062638072723985e-10,0.003316018031663467,0.36719695026373633,5.315272412212287,5.315272412212287,0.08163321792133259,0.05372513583329835,0.6581283600067496,1.7733085421765677,-2.268400029312092,2.268400029312092,1.7993509789965623,0.011480530982722507,0.006380373321673147
Synthetic_Elliptical_020,Synthetic_Elliptical,0.9855705603112354,2.671647497558997,2.671647497558997,0.984657765666822,0.0003416598344563612,0.00034698333407713296,0.002563019856838666,-17.556615908815157,17.556615908815157,0.0035980225370706455,5.895228716347835e-05,0.01638463532112562,1.438287830155132e-07,-41.11789908307992,41.11789908307992,1.8858882976346916e-07,1.087578155647422e-09,0.005766897170496793,0.17310246186175302,2.3729750777186887,2.3729750777186887,0.05929243370406507,0.04796090326609276,0.8088874122567125,1.7846368318563475,-4.393404272181739,4.393404272181739,1.8307828487141453,0.01050347611887048,0.00573715016297093
Synthetic_Elliptical_021,Synthetic_Elliptical,0.9845647017475496,0.29003816407827326,0.29003816407827326,0.9844774755197726,0.0003007405172494375,0.0003054823748916659,0.002242447168853856,-0.8969240957435342,0.8969240957435342,0.0022937195100019617,5.716463689012355e-05,0.024922243812257765,1.4464410744410064e-07,-10.208804662732089,10.208804662732089,1.5049710428506498e-07,5.723283214175976e-10,0.0038028938911650726,0.07758164562614073,0.805232551985306,0.805232551985306,0.04948151019580876,0.034896919356086235,0.7052517034602729,1.788040905588555,-2.957418097306124,2.957418097306124,1.8225775318301134,0.011677965408428338,0.006407390195738712
Synthetic_Elliptical_022,Synthetic_Elliptical,0.9840512126198141,-1.7641270885623883,1.7641270885623883,0.9847370818556019,0.00038878674811497656,0.0003948127426886032,0.0026137805008598185,-11.087836101550515,11.087836101550515,0.0031455018835376573,4.795537801245521e-05,0.015245699978178187,1.4489121707868824e-07,-29.85348215185296,29.85348215185296,1.688565775128971e-07,8.017659993667227e-10,0.004748178975299376,0.227018099370143,3.0213697389801952,3.0213697389801952,0.08030346385079942,0.04855898092295149,0.6046934788836432,1.8336652787504994,2.6013729280407625,2.6013729280407625,1.7912787499466925,0.016293907092025158,0.009096243168463289
Synthetic_Elliptical_023,Synthetic_Elliptical,0.9843747607019028,-1.6036434140957903,1.6036434140957903,0.9851874463451828,0.0005067745326255479,0.0005143940216707487,0.0030322893492384867,1.877555515066369,1.877555515066369,0.0026216123370162697,0.00021872962319846224,0.08343324450630688,1.4417213649941274e-07,-3.7199878933421027,3.7199878933421027,1.4623482858614696e-07,5.534889246618113e-10,0.00378490640777375,0.41184732654665435,4.471879301640913,4.471879301640913,0.09357505382580136,0.07117192823151425,0.7605865593542356,1.7481929462348014,-1.2984058241823515,1.2984058241823515,1.7869154678615073,0.029823126871594562,0.01668972450457812
Synthetic_Elliptical_024,Synthetic_Elliptical,0.9836783873745092,-2.746222589156129,2.746222589156129,0.9853353786641214,0.0006033710790264488,0.0006123509741869444,0.0031051347575758166,3.040197389039129,3.040197389039129,0.002911742931517226,6.36116009163194e-05,0.02184657175807984,1.427932532165868e-07,-2.225874961654345,2.225874961654345,1.4382570587268584e-07,4.6284126417042416e-10,0.0032180481459411804,0.49488455161490985,4.67022161521689,4.67022161521689,0.1154800612238642,0.08123907635350094,0.7034900699897553,1.852849056506768,-0.350164031814295,0.350164031814295,1.865412683333615,0.03587926138901665,0.019233953810627476
Synthetic_Elliptical_025,Synthetic_Elliptical,0.9846233289515056,-0.40538781025479614,0.40538781025479614,0.984723292365843,0.0002465871232515876,0.00025041260338109833,0.002403017464344803,-0.5344509512369177,0.5344509512369177,0.0024178538906957734,2.7760126129783262e-05,0.01148130837232417,1.4562967711214293e-07,-4.007684869163907,4.007684869163907,1.4755138197145277e-07,4.785049815657655e-10,0.0032429498946234753,0.24388622954880398,3.6322793479972355,3.6322793479972355,0.07433382856404984,0.046679339537750476,0.627968993913736,1.8345581398219097,0.44668821238874457,0.44668821238874457,1.8275819096060093,0.015617672510647006,0.008545539014448508
Synthetic_Elliptical_026,Synthetic_Elliptical,0.9822797923541828,-3.792832068725333,3.792832068725333,0.984146342790503,0.0004921257779690146,0.0005000534540148916,0.002693231011063649,3.6497541019857036,3.6497541019857036,0.0025564726915485044,3.7470556109789734e-05,0.014657131374415726,1.4658019796615114e-07,-0.9194577253995927,0.9194577253995927,1.470426101884181e-07,5.019184153801038e-10,0.0034133983430967027,0.34550939141900916,3.9816359248222373,3.9816359248222373,0.09587430766874926,0.0626966122618113,0.6539459192527096,1.8580096147909941,-0.2960572703715184,0.2960572703715184,1.8672527019696625,0.031220605279422154,0.016720075031340174
Synthetic_Elliptical_027,Synthetic_Elliptical,0.9831711429050777,-3.0512369463119415,3.0512369463119415,0.984567781254829,0.00045772857738506263,0.0004649030631504353,0.0027907740626226933,-1.4456151900918497,1.4456151900918497,0.002852864261901602,4.2950709330432947e-05,0.015055293688157625,1.4896216113868088e-07,-13.453126070363416,13.453126070363416,1.5599834826556596e-07,5.220150293756234e-10,0.0033462641682769695,0.34732756975778983,4.323519695187731,4.323519695187731,0.09890709187578274,0.05745792673367179,0.5809282796955771,1.8129582651412133,0.2022800621378642,0.2022800621378642,1.8086357342818282,0.02136904059400945,0.011815005193670377
Synthetic_Elliptical_028,Synthetic_Elliptical,0.9827736299182886,-3.5585723829504015,3.5585723829504015,0.984327736899303,0.00043672203631481206,0.00044367543445445465,0.002803453467458507,1.865325665934065,1.865325665934065,0.00268751930367189,6.215223649069184e-05,0.023126247459003758,1.449497605827815e-07,-6.704330647931182,6.704330647931182,1.4825732273190942e-07,4.923471099234298e-10,0.0033208733300843056,0.3968072193986717,4.8271704058485145,4.8271704058485145,0.09853417681112879,0.061790452274345514,0.6270966508621564,1.7922184713884963,-0.5288989169418664,0.5288989169418664,1.7981039250297919,0.011127747575655472,0.006188600903846485
Synthetic_Elliptical_029,Synthetic_Elliptical,0.9851298447318085,-1.1504024942949929,1.1504024942949929,0.9855823613771,0.0003933550617154746,0.00039910927501326436,0.002877892265977225,-0.1594647153642699,0.1594647153642699,0.0028851043504398554,4.522683458024496e-05,0.015675978776183194,1.4610295332406624e-07,-9.269524231931115,9.269524231931115,1.5140076199463686e-07,5.705297288204971e-10,0.003768316308238917,0.35779864490754804,3.959416727167537,3.959416727167537,0.08974940255463341,0.06769917410050207,0.7543133678080702,1.864870960327805,0.2674359772157212,0.2674359772157212,1.8572037069138545,0.028669491268553327,0.01543691258089208
Synthetic_Elliptical_030,Synthetic_Elliptical,0.9849438219290741,-0.1483566331926324,0.1483566331926324,0.9849884768034761,0.0003009968162032513,0.0003055840989934751,0.0026660973929181187,-15.205715584472133,15.205715584472133,0.003354029258144368,4.524166233406603e-05,0.013488750049129694,1.4644573801831387e-07,-37.19634363725117,37.19634363725117,1.7785682013679461e-07,8.434669299974786e-10,0.004742366286445816,0.24099412029083464,3.8303522542226722,3.8303522542226722,0.06757649080699314,0.04527459042150272,0.669975458627211,1.8120786417520007,0.7782068181259523,0.7782068181259523,1.8047882736063843,0.009368162775025066,0.0051907267528396115
Synthetic_Elliptical_031,Synthetic_Elliptical,0.9832487616575365,-3.7187118043969005,3.7187118043969005,0.984763097201448,0.0004072204623123065,0.0004135212453321552,0.003283783903234532,-10.134399602668607,10.134399602668607,0.0039337333805898565,6.413300172708595e-05,0.01630334227205962,1.4471775000149827e-07,-39.669669323726886,39.669669323726886,1.856853103944799e-07,1.0317174663005937e-09,0.005556238713068127,0.3854565513567944,4.886192060912468,4.886192060912468,0.0925136551375192,0.05995320948552391,0.6480471385089794,1.7656019210884013,-3.37650312404511,3.37650312404511,1.8195894226356237,0.015989175653173378,0.008787243679403632
Synthetic_Elliptical_032,Synthetic_Elliptical,0.9854352358448945,1.9011794280670278,1.9011794280670278,0.9845508482886008,0.0004651783736643975,0.0004724777541683328,0.0029131997781201876,-14.53161387979693,14.53161387979693,0.004042029465303586,7.768095698036531e-05,0.019218305464607142,1.4720082438891263e-07,-36.29171814213778,36.29171814213778,2.0082796855547573e-07,1.4766689259111546e-09,0.0073528681471231525,0.26354013663541415,3.8005367142710913,3.8005367142710913,0.07260040504221756,0.05024020183055029,0.692009938520912,1.7657427976352393,-6.154225426494943,6.154225426494943,1.8432671401637197,0.012596929288383107,0.006834022597102994
Synthetic_Elliptical_033,Synthetic_Elliptical,0.979645964989055,-7.863332266598407,7.863332266598407,0.9848302643994624,0.0006593005645412938,0.0006694560355968121,0.003756138085224435,-1.929876916605452,1.929876916605452,0.003919089168087425,8.443599668508123e-05,0.021544801111208826,1.4803226886628035e-07,-28.719587745143667,28.719587745143667,1.784389600077899e-07,1.0577439976972224e-09,0.005927730524323396,0.4648609628321397,4.854079730616836,4.854079730616836,0.11752504860375047,0.07155546128192607,0.6088528541908956,1.8320089033477336,0.6086169138942326,0.6086169138942326,1.805558380899503,0.04346005154273215,0.024070144727780504
Synthetic_Elliptical_034,Synthetic_Elliptical,0.9799910704684087,-7.258499456594426,7.258499456594426,0.9847039297079972,0.0006492883633198245,0.0006593741973911937,0.0037003239570656404,2.5814982069873853,2.5814982069873853,0.0030913793742273965,0.0002358880508258751,0.07630511244144002,1.4535977726157043e-07,-19.45366996164258,19.45366996164258,1.5795361857778847e-07,6.463761167455661e-10,0.0040921634490050885,0.5081577971466116,4.9850645505182225,4.9850645505182225,0.10483693822575356,0.0809058448147769,0.7717303288635186,1.741738321030855,-1.9555777702860104,1.9555777702860104,1.7884669388790757,0.02389504450105857,0.013360629699994042
Synthetic_Elliptical_035,Synthetic_Elliptical,0.9850285390239134,0.5049516342661318,0.5049516342661318,0.9848499760330123,0.000353623947877095,0.0003590637726378768,0.0024800350045963444,-13.568872587900596,13.568872587900596,0.0031346701576741047,4.824535975764322e-05,0.015390888774737923,1.4680960565784306e-07,-32.72329189400524,32.72329189400524,1.7446137141378138e-07,8.440178498393677e-10,0.004837821720521998,0.14960611406099236,1.9014012507102247,1.9014012507102247,0.06496710416293937,0.04451401820869563,0.6851778108559066,1.8260388601626019,3.7127925103903783,3.7127925103903783,1.8009574257536596,0.006755409664030033,0.003751010194590967
Synthetic_Elliptical_036,Synthetic_Elliptical,0.9852832550823154,1.3401769674408885,1.3401769674408885,0.98484094744232,0.00033003674096850397,0.00033511679406232083,0.0025156612062420744,-16.515336231994365,16.515336231994365,0.0032857382327831836,4.662799468374976e-05,0.014191025384898817,1.4659899757169622e-07,-36.30197156823245,36.30197156823245,1.7738451193090228e-07,8.470397352893692e-10,0.004775134823972097,0.19758176314699694,2.9328220028098406,2.9328220028098406,0.06537602741355267,0.045077995051813396,0.6895187247455641,1.8076230416542436,0.8372140167278574,0.8372140167278574,1.801010830963066,0.007897873850922173,0.0043852450607942805
Synthetic_Elliptical_037,Synthetic_Elliptical,0.979460518929737,-7.42124713216734,7.42124713216734,0.9848720542344229,0.0007291948645408208,0.0007403955279317072,0.0037243914641077592,-2.701368045666259,2.701368045666259,0.00397834422613737,9.400894474029676e-05,0.023630168575920634,1.4776569043151232e-07,-30.317169888731534,30.317169888731534,1.8361239290439832e-07,1.181389471195651e-09,0.006434113832920473,0.43768993730126177,4.815004223780676,4.815004223780676,0.10259581620334307,0.06959373357101488,0.6783291575204491,1.851920354590672,1.257444379137097,1.257444379137097,1.8035248374943023,0.0384872030111765,0.021339990562384895
Synthetic_Elliptical_038,Synthetic_Elliptical,0.9780789150528619,-8.651687907861229,8.651687907861229,0.9845843417396192,0.0007519257221697161,0.0007636986394079837,0.004046552165690925,3.0029243088335886,3.0029243088335886,0.0032556502370958986,0.0002633772430645473,0.08089850684285614,1.480756105051628e-07,-18.879190537704957,18.879190537704957,1.612001414933614e-07,6.941850484260268e-10,0.00430632836712645,0.5256838216581162,5.051845798051808,5.051845798051808,0.10633865990068642,0.08300830597681624,0.7806032731046276,1.736652120616839,-2.079366723253389,2.079366723253389,1.7828521667883088,0.02221832524909582,0.012462236445048729
Synthetic_Elliptical_039,Synthetic_Elliptical,0.9840933954944897,-1.7728529751384012,1.7728529751384012,0.9846888602324231,0.00033587936761311635,0.00034110202844530533,0.002476636364572978,-0.1718537362187531,0.1718537362187531,0.002482242423827354,3.262110679622362e-05,0.013141789242641158,1.4496229179186007e-07,-7.133335251181247,7.133335251181247,1.4849983677589399e-07,4.949173877952967e-10,0.0033327582425827533,0.27184381405856933,3.9243778517350445,3.9243778517350445,0.07415162694971097,0.05037542116835931,0.6793569236430125,1.8316640248959843,0.08344494530930602,0.08344494530930602,1.8299169833359212,0.02093645760691549,0.011441206239168885
Synthetic_Elliptical_040,Synthetic_Elliptical,0.9837069551358424,-3.119959411126972,3.119959411126972,0.9847109753534385,0.0003218055372436824,0.00032680202140313426,0.002719271579106675,2.2158974376105545,2.2158974376105545,0.002404193006540321,0.00014219005130951005,0.0591425276022168,1.4344619482836002e-07,-1.3522603513949956,1.3522603513949956,1.4411077213535092e-07,4.904566239447353e-10,0.0034033071460955635,0.3667861461582177,4.606978794688462,4.606978794688462,0.08107527414147814,0.06201697136994381,0.7649307637364,1.7659644045973377,-1.3971958404852884,1.3971958404852884,1.7928526444182853,0.019244431625427164,0.010733972859024641
Synthetic_Elliptical_041,Synthetic_Elliptical,0.9810009011304742,-6.321801107666809,6.321801107666809,0.9847071845303366,0.000586270167380894,0.0005953751293689653,0.0032963973918437106,3.214270081885396,3.214270081885396,0.00268711235141971,0.0001895562668001881,0.07054273954324802,1.437866170406533e-07,-1.4172493483485857,1.4172493483485857,1.4449151830675319e-07,4.963727925303046e-10,0.0034352836973643185,0.5393998599134282,5.690660334674131,5.690660334674131,0.10417775777603575,0.07648007024418972,0.7341305080483166,1.767930902016842,-0.7614946096824762,0.7614946096824762,1.784509834917663,0.0217715696070026,0.012200307995497785
Synthetic_Elliptical_042,Synthetic_Elliptical,0.9858535958644169,1.4479400012284693,1.4479400012284693,0.9845277802423266,0.0009156564633324141,0.00093004634476247,0.0030027227733948458,-5.594645586404846,5.594645586404846,0.0036273350355679472,0.00011164465146751782,0.030778698505101953,1.4370660447314225e-07,-32.93453936279022,32.93453936279022,1.8174972430586656e-07,1.1541131598854488e-09,0.0063499783249457795,0.29767880922593826,3.793615630519511,3.793615630519511,0.08012140960884132,0.05734829798334373,0.7157674616885377,1.7477987212152233,-3.823855460045424,3.823855460045424,1.8415737834802268,0.024523694276892393,0.01331670471032332
Synthetic_Elliptical_043,Synthetic_Elliptical,0.9850677344252387,0.46540377631639684,0.46540377631639684,0.984949722333978,0.00025356925921241036,0.00025744386080061486,0.0023715628959286137,-0.24663849979850308,0.24663849979850308,0.0023772387795321483,2.3012965784065306e-05,0.009680544492427395,1.4682674441234548e-07,-1.5238292260043524,1.5238292260043524,1.4761159615457512e-07,5.140522964358762e-10,0.0034824419448430902,0.14159281701118287,2.0838767078980798,2.0838767078980798,0.05375973130306549,0.0421488878747664,0.7840234103175097,1.8449137907169566,-0.5518517815679779,0.5518517815679779,1.8523842899429352,0.013537147971509384,0.007307958745384902
Synthetic_Elliptical_044,Synthetic_Elliptical,0.9834027580275447,-1.7315143932462165,1.7315143932462165,0.984218661864665,0.0004712082316908209,0.0004787637645455819,0.0030711408826298034,2.2592530242080544,2.2592530242080544,0.0029831405636394303,3.895106736084474e-05,0.013057067381453654,1.472235950855381e-07,0.8030262555235406,0.8030262555235406,1.4677038691257173e-07,5.633752864231096e-10,0.0038384544717745225,0.41371319676965207,3.8340815866464584,3.8340815866464584,0.1252488347916651,0.07523688671071366,0.6006992946102818,1.8831220884114268,-0.24928662963866677,0.24928662963866677,1.8985258540276755,0.06179138302895214,0.032547032687403596
Synthetic_Elliptical_045,Synthetic_Elliptical,0.9830191315720958,-3.49349156128379,3.49349156128379,0.9847586896284375,0.0004979425375251211,0.0005056492953745814,0.0031411118992824673,-1.2628600636044374,1.2628600636044374,0.003230425918855741,7.072360658511502e-05,0.021892966543641798,1.4543398205336055e-07,-20.09031338273676,20.09031338273676,1.5817061465262366e-07,6.329688364546601e-10,0.0040017852624491795,0.43144245534315967,4.312310979822889,4.312310979822889,0.11447177089791609,0.07350367028816404,0.6421117600519276,1.7828011910494717,-1.2605665458217505,1.2605665458217505,1.8052674600311018,0.017822358569514536,0.009872419995426944
Synthetic_Elliptical_046,Synthetic_Elliptical,0.984295383694522,-2.4028859954987967,2.4028859954987967,0.9854304309216363,0.00047236832160896,0.00047935227773176456,0.0028730890361216023,-6.146166226433166,6.146166226433166,0.0032165405618472327,5.5880610274151506e-05,0.017372891521904774,1.456200380502147e-07,-27.883610134043955,27.883610134043955,1.665662860895533e-07,7.502028728935885e-10,0.004503902840142627,0.3558438434522945,4.3757203825051,4.3757203825051,0.08801121992499703,0.06120880680442098,0.695465951453548,1.863374938632576,1.473925416805616,1.473925416805616,1.8210405057309598,0.028722235479114087,0.015772430865050584
Synthetic_Elliptical_047,Synthetic_Elliptical,0.985280785641529,0.7514679188072698,0.7514679188072698,0.985003851723119,0.0003685239392495632,0.0003741345159255071,0.002553512009862358,0.8387146005150903,0.8387146005150903,0.0025266854786399257,3.1985290785735944e-05,0.012658991807042845,1.4323857461111357e-07,-0.6786503614392788,0.6786503614392788,1.4357162499905675e-07,4.897540124738934e-10,0.003411193550839591,0.31575463307909035,3.8365310816199467,3.8365310816199467,0.08010724934898894,0.06142199260556089,0.7667469936111264,1.850043124712259,-0.45335791790591196,0.45335791790591196,1.8608344934008483,0.023803198889702525,0.012791679740516402
Synthetic_Elliptical_048,Synthetic_Elliptical,0.9851246041581969,1.8512589713679275,1.8512589713679275,0.9847198135484208,0.0002186569324905399,0.00022204989630744953,0.0022109632843990844,-10.110876513216315,10.110876513216315,0.0024790328558141886,2.651298934902663e-05,0.010694892274682693,1.4466178394166096e-07,-16.443771542534527,16.443771542534527,1.545440202705435e-07,5.999713953590571e-10,0.0038821787613004866,0.08277988252054501,0.8412470423974838,0.8412470423974838,0.0511250706032826,0.0376284376896085,0.7360075447300503,1.8121294821299667,-0.19440877172559715,0.19440877172559715,1.8133494783662076,0.006275417643029505,0.0034606774468427743
Synthetic_Elliptical_049,Synthetic_Elliptical,0.9796853032525725,-7.0881985231227125,7.0881985231227125,0.9845468097776595,0.0006858592493057107,0.0006966243173952306,0.003497764789797236,3.7292620105295358,3.7292620105295358,0.0030580341337150072,0.00011791358480884189,0.03855862283232192,1.4877891154375244e-07,-8.019655108078926,8.019655108078926,1.5365205271067783e-07,6.066497182548707e-10,0.003948178754360099,0.5236267447899219,5.275063616876597,5.275063616876597,0.1175371919353278,0.07698287306907732,0.654966073298573,1.7757095533216534,-0.48747044694146324,0.48747044694146324,1.7839423554904283,0.01688882314803409,0.009467135020392332
Synthetic_Elliptical_050,Synthetic_Elliptical,0.9837264566960664,-2.64408132754338,2.64408132754338,0.9844384320921172,0.0002692713669546053,0.0002735278897859355,0.00247797652935031,2.059766906944229,2.059766906944229,0.002308377734749559,8.233882774269482e-05,0.03566956415647389,1.461396845867332e-07,-2.3356476911661352,2.3356476911661352,1.4732559611047636e-07,5.06744180866185e-10,0.0034395974267008166,0.2991269987669727,4.865110553307143,4.865110553307143,0.06934708173627967,0.04723015325307069,0.6810690813493981,1.7770398603447537,-1.7825931550205372,1.7825931550205372,1.797359075950861,0.011398683736161153,0.0063419067946256305
Synthetic_Elliptical_051,Synthetic_Elliptical,0.9848523774971796,0.45444144025928185,0.45444144025928185,0.9846548892989547,0.0004345734791653913,0.0004413459821180124,0.0023557292328803743,0.05167614421319737,0.05167614421319737,0.0023512727232394854,8.623920489939693e-05,0.036677669931841204,1.4636081620051183e-07,-9.587990647829702,9.587990647829702,1.5169501538285686e-07,5.553417172869756e-10,0.00366088532968635,0.09807974195167762,1.310780142468769,1.310780142468769,0.050514951867602714,0.03628738988460639,0.7183494894540445,1.7729111284422563,-2.5909797717693017,2.5909797717693017,1.8148186495503953,0.016174391464635268,0.008912400954571088
Synthetic_Elliptical_052,Synthetic_Elliptical,0.9831642993624775,-3.3442794374256546,3.3442794374256546,0.9843497846582011,0.00035448153019529877,0.000360117445769571,0.0025793372612038087,-5.456652012819122,5.456652012819122,0.002754335761980941,3.20706717066367e-05,0.01164370449589904,1.4366088545971732e-07,-15.997367314743096,15.997367314743096,1.5351016805890805e-07,6.146814684197239e-10,0.0040041482075352805,0.26338441319485195,4.035038288761518,4.035038288761518,0.07841115755169285,0.04584175970629965,0.5846331202991573,1.8161126557222473,0.981905027801535,0.981905027801535,1.7992641442012303,0.017159003206001132,0.009536678236651686
Synthetic_Elliptical_053,Synthetic_Elliptical,0.9852633716887403,2.1200637572063283,2.1200637572063283,0.9844507868016482,0.00038328323014343247,0.0003893371159652177,0.002484535267891096,-11.823655836563908,11.823655836563908,0.00314092896959171,5.551529061317078e-05,0.01767479975922933,1.4430431799991038e-07,-35.940864970609816,35.940864970609816,1.7307773419297337e-07,7.995766198613218e-10,0.004619727683990555,0.14516308477636436,1.8412566586024612,1.8412566586024612,0.06046944051335451,0.045997739568503296,0.7606774459503085,1.785024916405287,-4.904646093805329,4.904646093805329,1.8386851934284834,0.010940703160227163,0.005950286215021265
Synthetic_Elliptical_054,Synthetic_Elliptical,0.984699083667583,0.642695808432197,0.642695808432197,0.9845525826530025,0.00022794767293589529,0.00023152412268467133,0.002209843265902932,-16.51765444119926,16.51765444119926,0.002709276095794276,3.0236303535202703e-05,0.01116028874686471,1.4565598645071258e-07,-26.164496506804795,26.164496506804795,1.650563725804451e-07,7.404775256495731e-10,0.004486182677412254,0.06038796866489249,0.3372333099763879,0.3372333099763879,0.049242772643248243,0.03304891803863434,0.6711425101383806,1.806072822651581,-2.5657215911554325,2.5657215911554325,1.8224705696885115,0.006391085880436599,0.003506825288007492
Synthetic_Elliptical_055,Synthetic_Elliptical,0.9802522775499727,-4.223443040155432,4.223443040155432,0.9844063657187668,0.0009835785933596543,0.0009991591151896836,0.0034272069292482312,2.0704545956888762,2.0704545956888762,0.0032273945551549717,9.650652201639996e-05,0.029902300551493507,1.4827517974417256e-07,-11.908084933489686,11.908084933489686,1.5435586863121592e-07,5.09635330618305e-10,0.003301669275475574,0.5057409321942206,4.9715424887068425,4.9715424887068425,0.11839729200443276,0.07791216530175304,0.6580569874704396,1.8705958297536893,0.10091588551199848,0.10091588551199848,1.8665034055875953,0.04055282421821015,0.02172662749866345
Synthetic_Elliptical_056,Synthetic_Elliptical,0.9853888190177313,1.9897926703926727,1.9897926703926727,0.9846842340218547,0.00035409970313531665,0.0003596073653872455,0.0026349814729184264,-13.700162436858296,13.700162436858296,0.003494877622939202,6.276539714647379e-05,0.0179592546292733,1.4471036269914295e-07,-35.72370590851726,35.72370590851726,1.8351928765693363e-07,1.0853633537117953e-09,0.0059141328055279385,0.2126424776210037,3.12422244339126,3.12422244339126,0.06725248580311635,0.04653637647418798,0.6919651506969219,1.775441193227558,-5.508071529346059,5.508071529346059,1.8353471735425748,0.010876035285732942,0.0059258735581531235
Synthetic_Elliptical_057,Synthetic_Elliptical,0.9845344788493396,0.264838737700271,0.264838737700271,0.9844533916052405,0.0003061759187437907,0.0003110110863087506,0.0023192274561508763,-3.220417638842588,3.220417638842588,0.002480547502264304,5.0092895078971235e-05,0.02019428977395149,1.455733491283979e-07,-17.072320949588043,17.072320949588043,1.5541707664310607e-07,5.755898815852384e-10,0.003703493789252024,0.1558509766244128,2.516328458893991,2.516328458893991,0.05901977742127678,0.03848114456535622,0.6520042305485155,1.7864620020666575,-3.717239948176355,3.717239948176355,1.827810993870641,0.011123573505270155,0.006085735091082023
Synthetic_Elliptical_058,Synthetic_Elliptical,0.9851587023478069,0.813398631473195,0.813398631473195,0.9849309372313415,0.00028001659560142865,0.00028430074131722985,0.002540757208714514,-7.24264568117706,7.24264568117706,0.0028936890816879408,4.872968819226063e-05,0.016839987572885937,1.4350329549955057e-07,-24.84084225151464,24.84084225151464,1.5977131892852905e-07,6.538901709637709e-10,0.004092637418977912,0.24112639004484632,3.2722722595295184,3.2722722595295184,0.07364845250925355,0.05118093002334719,0.6949355794844655,1.799910198919522,-2.150988958138256,2.150988958138256,1.8200950187718623,0.009383971858070243,0.005155759320959556
Synthetic_Elliptical_059,Synthetic_Elliptical,0.9818782520584236,-4.753245014156333,4.753245014156333,0.9845137990005864,0.0005544731924317565,0.0005631949425127997,0.003034961491931225,3.965669874925141,3.965669874925141,0.0027892267602138182,6.19655028033254e-05,0.022216014726733513,1.4457329565215009e-07,-2.8721194904538168,2.8721194904538168,1.4604469584701785e-07,5.113046585486134e-10,0.003500990943849537,0.49304608974192304,5.262146272903854,5.262146272903854,0.0976182301093896,0.07514573695213134,0.7697920446534864,1.8026895862522145,-0.14546505071032262,0.14546505071032262,1.8062390209954609,0.024400601558714975,0.013509065674626893
Synthetic_Elliptical_060,Synthetic_Elliptical,0.9844800651329558,-2.0370322739731184,2.0370322739731184,0.9855326262637011,0.0005167130350150325,0.000524298253801544,0.0029539727510939986,-8.516071933978505,8.516071933978505,0.003551192032662613,7.012849089140277e-05,0.019747873453938213,1.4335227749464273e-07,-31.80986717140529,31.80986717140529,1.7810959742774319e-07,1.0916584429231665e-09,0.006129104380585979,0.31651944082629974,4.0018745361346575,4.0018745361346575,0.08678641574364786,0.05740635369857077,0.6614670418868063,1.8689614655639708,2.3138308982309383,2.3138308982309383,1.8101131164387052,0.025433297294086978,0.01405066736608787
Synthetic_Elliptical_061,Synthetic_Elliptical,0.9828294667182761,-4.330609639658881,4.330609639658881,0.9850426508735365,0.0005110560256140094,0.0005188161397481477,0.0032312081637219754,2.3843505185413836,2.3843505185413836,0.0028347030426347985,0.00016629481094305995,0.058663926479518784,1.471410211056573e-07,-8.596397980250643,8.596397980250643,1.5224158241863255e-07,5.923370377561937e-10,0.003890744812298318,0.47431569761892856,5.006046836010611,5.006046836010611,0.10504697936470205,0.07376453524024475,0.7022052008125513,1.7668114654578035,-1.2420866909064048,1.2420866909064048,1.796706372051357,0.024068293148279147,0.013395785489860656
Synthetic_Elliptical_062,Synthetic_Elliptical,0.9842691983163069,-1.47033266316227,1.47033266316227,0.9847532862114906,0.00032923698550793123,0.00033433448775197926,0.0024675565231715444,0.041657351566892056,0.041657351566892056,0.0024663702319751655,2.847735417880861e-05,0.011546260897114613,1.4218061045795814e-07,-3.1853923289829496,3.1853923289829496,1.4392206877722647e-07,5.457013602761921e-10,0.003791618431377838,0.2948492783034248,4.087073631952853,4.087073631952853,0.07733038376719192,0.05322118320344834,0.6882312049942217,1.8475565455916498,0.04547283339272743,0.04547283339272743,1.8464542138344147,0.02424154544471383,0.01312870108723672
Synthetic_Elliptical_063,Synthetic_Elliptical,0.9850264188875089,0.6513531562102618,0.6513531562102618,0.9847324267845694,0.0004513559188054343,0.0004583538700749208,0.002891850012819972,-3.654337415357012,3.654337415357012,0.00323457065557624,9.378461815312372e-05,0.02899445648604065,1.4690743746216302e-07,-24.61656503887279,24.61656503887279,1.671924811808256e-07,8.230403844577762e-10,0.004922682263955191,0.3426680318933421,4.180018532621257,4.180018532621257,0.0850183157078435,0.06163841479902445,0.7250015985980406,1.7808307776528203,-2.615771715415404,2.615771715415404,1.8268081876034117,0.017576996370523904,0.009621697827823692
Synthetic_Elliptical_064,Synthetic_Elliptical,0.9845109536089062,-0.7079734386634725,0.7079734386634725,0.9849437288380772,0.0006112873800464835,0.0006206317804236279,0.002937445742269609,0.7906274827822017,0.7906274827822017,0.0028093125219745903,0.00016206522324963083,0.05768857039729811,1.4578325313328894e-07,-18.518038685632522,18.518038685632522,1.5705639804573646e-07,6.077655989828958e-10,0.0038697037296257083,0.36923818813698145,4.595402031229624,4.595402031229624,0.08540889921706823,0.061763755812105,0.7231536336091647,1.7528558809496637,-2.0655264496262995,2.0655264496262995,1.8055964885937161,0.025533736278966004,0.014141441036385012
Synthetic_Elliptical_065,Synthetic_Elliptical,0.984853286017283,-0.523553199024278,0.523553199024278,0.9851217498411131,0.0005127727684730755,0.0005205171528851722,0.002768342099801131,-9.71313458866381,9.71313458866381,0.003374268367837811,6.238215406082416e-05,0.01848760893974484,1.4330824523265239e-07,-32.210813644030665,32.210813644030665,1.7408221204996394e-07,9.543924081956437e-10,0.005482391994937006,0.3078904248114782,4.132122819198649,4.132122819198649,0.0826275896532286,0.05451503864006714,0.6597679887334974,1.8630932833485483,2.3500261252679167,2.3500261252679167,1.8006385590765097,0.02657618296161212,0.01475931015007667
Synthetic_Elliptical_066,Synthetic_Elliptical,0.9853943732944663,1.5356165626943794,1.5356165626943794,0.9848666138788594,0.00034367916242403646,0.0003489601105170174,0.002498576837216866,-0.6501952940673614,0.6501952940673614,0.0025459703136510754,7.289113934913252e-05,0.028630003629528663,1.4380804132718858e-07,-12.138771919243078,12.138771919243078,1.49785436624944e-07,4.914217488821684e-10,0.0032808160735718554,0.21283957866540107,2.518946392392205,2.518946392392205,0.07694394049317971,0.05394939669225926,0.7011519860532769,1.7957213365071019,-1.7066720232556967,1.7066720232556967,1.8222539825550812,0.015546423498322907,0.008531425172969518
Synthetic_Elliptical_067,Synthetic_Elliptical,0.985818795317731,2.8720513236042997,2.8720513236042997,0.9849350530520854,0.0003077042027453995,0.00031241065265327203,0.002599153487614705,-4.90937599349301,4.90937599349301,0.002930657177250658,6.752460703070183e-05,0.02304077308387466,1.4474480467742672e-07,-22.385522411453234,22.385522411453234,1.597482339516923e-07,6.692291328519224e-10,0.004189247837359241,0.23018656345647057,2.6898827636184635,2.6898827636184635,0.08140630160778778,0.05531105810940692,0.6794444289486811,1.7985787143451035,-1.8565930057597961,1.8565930057597961,1.8238023438332553,0.013585976790843644,0.0074492594204486435
Synthetic_Elliptical_068,Synthetic_Elliptical,0.9845289153048482,0.5030596341804222,0.5030596341804222,0.9843518462210357,0.00035198428034871257,0.0003575797431575265,0.0023099985963195633,-7.143513195093992,7.143513195093992,0.0026413243841292085,4.638134929094541e-05,0.017559883803774646,1.4384425027401188e-07,-18.808083284514115,18.808083284514115,1.5819138887464608e-07,7.618176876719334e-10,0.00481576701060889,0.14588092146548068,2.1854396277516264,2.1854396277516264,0.05912504800178249,0.03969721806077386,0.6714111768485272,1.7833744634832127,-5.6064277016169735,5.6064277016169735,1.8373754290955597,0.009631973955744751,0.005242245979353717
Synthetic_Elliptical_069,Synthetic_Elliptical,0.9849469540435039,-1.1909776134290666,1.1909776134290666,0.9853915024448439,0.0003732634393261877,0.00037879709577331365,0.0026706743043529873,-8.06860822223422,8.06860822223422,0.0030263012814963357,4.407537945574783e-05,0.01456410824350936,1.458971652515722e-07,-22.70043206350617,22.70043206350617,1.6335940902710124e-07,7.682471987615527e-10,0.004702774701268663,0.28202510224090915,3.8790127179133282,3.8790127179133282,0.07771876224911085,0.05266967520999097,0.6776957543468319,1.8649751642074668,1.8991193542509541,1.8991193542509541,1.8205476266891532,0.023393757436555383,0.012849846438286487
Synthetic_Elliptical_070,Synthetic_Elliptical,0.9844790062445906,-0.7261001440898671,0.7261001440898671,0.9847195719056019,0.00033131195778332947,0.00033645310526513386,0.0026142086600493618,1.6112687275965603,1.6112687275965603,0.0023800447530276793,0.00014532889604312188,0.06106141315081832,1.4286120746910242e-07,-3.916264183834081,3.916264183834081,1.4483974679225567e-07,5.042108923908781e-10,0.0034811398281042083,0.30601729186890503,4.130766737653986,4.130766737653986,0.07525818749711838,0.05586350404736542,0.7422913825656793,1.761130418789504,-1.603863773186384,1.603863773186384,1.7937204722887765,0.02031971420672604,0.011328250148579104
Synthetic_Elliptical_071,Synthetic_Elliptical,0.983939460258199,-1.4022389632570267,1.4022389632570267,0.9843607544912051,0.00030044396329230677,0.0003052173320819709,0.002447634042733579,1.0366694140752502,1.0366694140752502,0.0024240993434370348,2.2702221113438283e-05,0.009365218948446429,1.4668936865476797e-07,0.6096662053674399,0.6096662053674399,1.4636092640061947e-07,5.377247173238751e-10,0.003673938506739955,0.2576422188777983,3.3999798025876387,3.3999798025876387,0.08242094467266826,0.05153597502796152,0.6252776552368995,1.8593550543735249,0.07086750276147541,0.07086750276147541,1.8574982207053494,0.02620148298937938,0.014105791702678326
Synthetic_Elliptical_072,Synthetic_Elliptical,0.9851961246030007,0.18791126102907038,0.18791126102907038,0.9851083790526506,0.0004669520585495167,0.00047401084842877556,0.0030385348122277294,-0.039345826223809194,0.039345826223809194,0.0030436252802382097,0.00012937758485941068,0.04250772447480039,1.4627165689193416e-07,-16.767513430102273,16.767513430102273,1.5613813350318648e-07,5.8742813231563e-10,0.0037622095059445288,0.4185831466688607,4.417343520252325,4.417343520252325,0.1019321146698988,0.07168358778138609,0.7032483139668587,1.7773415435309798,-1.717347121625051,1.717347121625051,1.8179014173366699,0.02361774931418212,0.012991765718941178
Synthetic_Elliptical_073,Synthetic_Elliptical,0.9832655842289509,-2.191939895890102,2.191939895890102,0.9843602825812355,0.0004994198755838243,0.0005073547606712806,0.002669950857496723,2.3109216110872097,2.3109216110872097,0.0025768940936260277,4.026824670872049e-05,0.015626659548290216,1.454712989828911e-07,0.4264043039110823,0.4264043039110823,1.4525708118815237e-07,5.013818774197678e-10,0.0034516625396581505,0.3600512344535958,4.555236395620297,4.555236395620297,0.09116481883332278,0.059027982801121544,0.6474864268462519,1.8571813829322934,-0.14068399498799136,0.14068399498799136,1.8614286775916065,0.030190318803037415,0.016218896359801806
Synthetic_Elliptical_074,Synthetic_Elliptical,0.9841225584500666,-1.6379752788595938,1.6379752788595938,0.9845403134651568,0.0002550435399385908,0.00025904834616745007,0.002297408821807602,0.6243462980847091,0.6243462980847091,0.002280482312959517,2.711076893650764e-05,0.011888173291480703,1.4415168322168188e-07,-3.929462823518097,3.929462823518097,1.4594712672981183e-07,4.5591830888031233e-10,0.0031238380313324365,0.21704907881966118,3.6098495227038208,3.6098495227038208,0.06254295235472201,0.04280126511910734,0.6843499308390336,1.8028446174539468,-0.9724073623160391,0.9724073623160391,1.8116180970447076,0.009022432295136154,0.0049803169386801035
Synthetic_Elliptical_075,Synthetic_Elliptical,0.9843407333070743,-0.24730812685272727,0.24730812685272727,0.9844259480587322,0.0003445691514267957,0.00035002038711589125,0.002539985720356519,-5.398462676240094,5.398462676240094,0.0028510960894859816,5.7629436821017556e-05,0.02021308121228365,1.447081835485267e-07,-21.12070749850542,21.12070749850542,1.6132222446773878e-07,7.856233136549873e-10,0.004869871131370147,0.22973972093391823,3.369912543159678,3.369912543159678,0.07007091928108838,0.047380695968967844,0.6761820232188583,1.783547427668548,-4.149662845653021,4.149662845653021,1.833428348981272,0.012020475678120965,0.006556283306513438
Synthetic_Elliptical_076,Synthetic_Elliptical,0.9854438008748856,1.017797632112236,1.017797632112236,0.9852096942846191,0.0002300129041986661,0.00023346593677749962,0.0024149900403158866,-6.540330967408739,6.540330967408739,0.0025845895159365,2.593132823482745e-05,0.010033054790674735,1.4646038426053907e-07,-12.275405919039216,12.275405919039216,1.5353565861202025e-07,5.753780357362682e-10,0.0037474961415580937,0.14854502514447396,2.0762284069141685,2.0762284069141685,0.06187400488045534,0.04174445353570648,0.6746686854307371,1.8521316315564575,1.3378312832379713,1.3378312832379713,1.8344856901417446,0.013189960224779943,0.007190004422304111
Synthetic_Elliptical_077,Synthetic_Elliptical,0.9833385398225285,-4.114414209452328,4.114414209452328,0.9845318462696103,0.0002900307023599961,0.0002945874259513569,0.002718764139531358,2.5346309554943534,2.5346309554943534,0.002357072843323309,0.00014269978550107064,0.06054110115635321,1.448173143450404e-07,-1.0821822761542277,1.0821822761542277,1.4532960309679242e-07,4.7238490293202e-10,0.0032504158991028503,0.37229967560483995,5.203915809300335,5.203915809300335,0.07885105677728442,0.056389962784929394,0.7151453016474877,1.7684213787164553,-1.0053531797927446,1.0053531797927446,1.7845114121254513,0.016004359195748094,0.008968482401957325
Synthetic_Elliptical_078,Synthetic_Elliptical,0.9831033026948333,-4.350415260952244,4.350415260952244,0.9844866938374294,0.00031799059521110944,0.00032300141505345423,0.0025161830640329417,2.5925557887783457,2.5925557887783457,0.002261601427544296,9.819716705732018e-05,0.04341930714136744,1.4259280160655122e-07,-1.4217086630741205,1.4217086630741205,1.4332535694568117e-07,5.142640327491359e-10,0.003588063240482944,0.29263468655880087,5.405811952422107,5.405811952422107,0.07154917939734877,0.04089774285562922,0.5716032412885097,1.7733671149111128,-1.6116591963126217,1.6116591963126217,1.7923754428569294,0.011794260218100004,0.0065802397957953175
Synthetic_Elliptical_079,Synthetic_Elliptical,0.98490870144271,1.4468268817142895,1.4468268817142895,0.9845372347213974,0.00025674579630815555,0.0002607781475939285,0.002164690328699987,-7.38060988939045,7.38060988939045,0.0024027873634933903,3.2259803861880785e-05,0.013425991970239332,1.4336159519170123e-07,-14.50945350959948,14.50945350959948,1.5183693082455502e-07,5.83125075920088e-10,0.0038404440363052276,0.06512080063560033,0.32221315861440636,0.32221315861440636,0.05377998088236283,0.03519663753548591,0.6544561183801798,1.8118375283451122,-1.2426388735562204,1.2426388735562204,1.8211105139160737,0.00746233339955084,0.004097682893225362
Synthetic_Elliptical_080,Synthetic_Elliptical,0.9770343955327498,-5.49099014162729,5.49099014162729,0.9837032531901968,0.0012145091285812452,0.0012346295741538916,0.004189746361846552,3.1318740191816326,3.1318740191816326,0.0037673648996867566,0.0001348654053263263,0.035798338860602956,1.4889513714511432e-07,-16.863910956452482,16.863910956452482,1.5751171514199357e-07,5.099477878014035e-10,0.003237502365073823,0.5430760584526941,4.771926135086625,4.771926135086625,0.12854462861742288,0.08686878591488807,0.6757869764652159,1.8178351846579786,0.43476392185782825,0.43476392185782825,1.7962258674439375,0.04970356583698475,0.027671111266027008
Synthetic_Elliptical_081,Synthetic_Elliptical,0.9849389906634602,0.926203371417778,0.926203371417778,0.9846721154419754,0.00028813889993739697,0.00029262421004759705,0.0023528285617270685,-5.487090323454963,5.487090323454963,0.002603254521325829,4.563911642591456e-05,0.017531561372316044,1.4466134589936752e-07,-18.427387683998802,18.427387683998802,1.554517686956168e-07,5.845644316648857e-10,0.0037603989724331512,0.11743750271508328,1.2255177820961902,1.2255177820961902,0.06295887822647599,0.04445355692366917,0.7060728871797006,1.8124523623233062,-0.8888893178900418,0.8888893178900418,1.820885249272226,0.009486993237862425,0.0052100994511592585
Synthetic_Elliptical_082,Synthetic_Elliptical,0.9796429873771584,-5.23188630802056,5.23188630802056,0.9845410451697459,0.0009361934680894881,0.00095089328442079,0.003520375167472209,4.172153967834206,4.172153967834206,0.0031349733768974595,9.237477556530833e-05,0.02946588836019448,1.4667679924620304e-07,-4.606794249356862,4.606794249356862,1.4907029431436395e-07,5.185576226342334e-10,0.003478588047546503,0.5530604509049163,5.381287184201156,5.381287184201156,0.12083557361904265,0.08031997967873843,0.664704749375361,1.8352123722717526,-0.10302537042576727,0.10302537042576727,1.8395232512773516,0.041842887705044435,0.02274659354045473
Synthetic_Elliptical_083,Synthetic_Elliptical,0.9847029367290282,-0.19069793040500593,0.19069793040500593,0.9847731229779262,0.00036804934672455706,0.00037374024344938707,0.002595840361922723,0.26158746858916293,0.26158746858916293,0.002573109438017511,8.68960725306183e-05,0.0337708420842752,1.4635669074157627e-07,-9.964202227776335,9.964202227776335,1.5158195603036924e-07,5.234037775775927e-10,0.003452919716598812,0.29790912682014614,3.8129658495527976,3.8129658495527976,0.08055895722910343,0.05700291535858407,0.7075925175615743,1.7832925931820163,-2.112100853869294,2.112100853869294,1.815453366579079,0.015226911790709854,0.008387388005120759
Synthetic_Elliptical_084,Synthetic_Elliptical,0.985029851305301,0.8205936324238399,0.8205936324238399,0.9846567394585274,0.0004546852805217356,0.00046177034320743065,0.0029631806781745913,-4.507720389316509,4.507720389316509,0.003375042922953746,9.136818717673029e-05,0.027071711156104534,1.4703487725044297e-07,-26.470761242654618,26.470761242654618,1.7121929574232951e-07,9.126276161531807e-10,0.00533013689876228,0.38141308265513235,4.728673532167984,4.728673532167984,0.08733977329662718,0.06218938722524811,0.7120397142928885,1.7675038948877364,-3.809386993461155,3.809386993461155,1.8270770399192013,0.015638512214672166,0.008559306407438181
Synthetic_Elliptical_085,Synthetic_Elliptical,0.9849761326361082,1.4341806907046764,1.4341806907046764,0.9844921078371892,0.0003374922006842491,0.00034280843695673306,0.0023609200377818517,-12.592404076876997,12.592404076876997,0.0029731162874198154,4.861631133404579e-05,0.01635197100207773,1.4429542041537773e-07,-28.030514264491785,28.030514264491785,1.6918394611623145e-07,8.869082797414732e-10,0.0052422411101053865,0.1477184140663792,2.2524889679203675,2.2524889679203675,0.057649425725416883,0.03998642817854371,0.6936136427152751,1.783653484491918,-6.583228740186291,6.583228740186291,1.8398641565835137,0.008538465592404999,0.004640813052337316
Synthetic_Elliptical_086,Synthetic_Elliptical,0.9839257205710584,-2.164620451399254,2.164620451399254,0.9847031839348729,0.00035916844504876985,0.0003647479269978273,0.002632118839804505,-9.339447242737574,9.339447242737574,0.0030032000134165232,3.973266882160788e-05,0.013230110758815822,1.4694261673908797e-07,-28.37870306222006,28.37870306222006,1.6466302603608965e-07,6.234263262542279e-10,0.003786050549484261,0.24554708059592323,3.100371467776344,3.100371467776344,0.07743136624740429,0.05422437797945384,0.7002895674796555,1.8206358465244041,1.5323711988687514,1.5323711988687514,1.7946492917611065,0.016958394141673622,0.009449419571565839
Synthetic_Elliptical_087,Synthetic_Elliptical,0.9848514870702617,0.4280105710587706,0.4280105710587706,0.9847431519423067,0.0002531132052627836,0.00025703474531738177,0.002363130653780728,-8.875310615586782,8.875310615586782,0.002622775308235814,2.9254710829363932e-05,0.011154104862260482,1.4593868501622062e-07,-15.921553550026623,15.921553550026623,1.5573037649085394e-07,6.139959828899331e-10,0.003942660732379727,0.1675449491580142,2.1228066777557992,2.1228066777557992,0.07130601191886587,0.04533570496337799,0.6357907803668298,1.8297568316380084,1.8690697553202043,1.8690697553202043,1.8062678154669236,0.012567222867073593,0.006957563413052335
Synthetic_Elliptical_088,Synthetic_Elliptical,0.9844289202342823,-1.3491698547233617,1.3491698547233617,0.9848460613650958,0.0003091835531337476,0.0003139409957175177,0.002553702915630713,-12.64192317693306,12.64192317693306,0.0030135473729487046,3.637456407859829e-05,0.012070347522340773,1.4446274451088047e-07,-33.451241836562254,33.451241836562254,1.651519592216602e-07,6.174886890556744e-10,0.00373888964488315,0.2639244047718654,4.56001782560013,4.56001782560013,0.059237362011559096,0.04488733390615816,0.757753761834321,1.8038245124868293,-0.1584895698495106,0.1584895698495106,1.8058125143751793,0.012543424088280285,0.0069461386430880005
Synthetic_Elliptical_089,Synthetic_Elliptical,0.9815389363785465,-3.7230194124879956,3.7230194124879956,0.9846195885075795,0.0008274606667310472,0.0008403861515536334,0.0035726708592766537,1.940498799812113,1.940498799812113,0.0034055922370440574,8.610086247323358e-05,0.025282199527998723,1.4640484175335393e-07,-11.58511671249096,11.58511671249096,1.5278379930881036e-07,5.496165983272912e-10,0.0035973251319092285,0.5075262126990286,4.9086416736314575,4.9086416736314575,0.12340970886257939,0.07825311549933685,0.6340920517512935,1.8872593350336837,0.15674438836706603,0.15674438836706603,1.8775367496765716,0.062028283489083534,0.033037054267904806
Synthetic_Elliptical_090,Synthetic_Elliptical,0.9831097258543696,-3.7352828725407963,3.7352828725407963,0.9843614451247258,0.00033510695423435093,0.00034043079998074286,0.0024784675363091384,2.4812561092365053,2.4812561092365053,0.0023717024828532204,4.3028629965777327e-05,0.01814250744295307,1.4445297981056085e-07,-2.375769887896959,2.375769887896959,1.457637245806551e-07,5.50713689432491e-10,0.0037780998867649076,0.32034009191704915,4.627953863246338,4.627953863246338,0.07832089951196776,0.052295074573341996,0.667702680874897,1.797673188960684,-0.1579512278235613,0.1579512278235613,1.7989694391311501,0.008206648268388921,0.004561860857596297
Synthetic_Elliptical_091,Synthetic_Elliptical,0.9849348942553856,-1.3110207929840734,1.3110207929840734,0.9854920906032233,0.00042500954180780355,0.0004312663144229016,0.0029383177190992074,0.32273955362662043,0.32273955362662043,0.0029212553355897853,5.286734456608361e-05,0.01809747470681556,1.4526166953560674e-07,-12.320585867233065,12.320585867233065,1.5102838224577715e-07,4.670550724058619e-10,0.003092478201664107,0.38581929868157383,3.955590296486049,3.955590296486049,0.09772902372393352,0.07283117142076363,0.7452358434046474,1.8507844929950503,0.013308999084562722,0.013308999084562722,1.8503937849392051,0.029356682147875228,0.015865099843503785
Synthetic_Elliptical_092,Synthetic_Elliptical,0.9839653990541414,-2.133035541136673,2.133035541136673,0.984507903351532,0.00025433439096309495,0.00025833656601131726,0.0023765992647671163,1.4893972231455124,1.4893972231455124,0.002275217993880124,6.806865745558749e-05,0.029917422246466485,1.4678337391929698e-07,-5.062711706493516,5.062711706493516,1.4960306267125085e-07,5.559522649961072e-10,0.0037161575365622975,0.186619791414215,3.1975919517826146,3.1975919517826146,0.06352922581011967,0.03849476964447462,0.605937962457222,1.7896934754594938,-1.5336050342714815,1.5336050342714815,1.8072302871701231,0.011435024870941687,0.006327375626733797
Synthetic_Elliptical_093,Synthetic_Elliptical,0.9848245765475883,0.013061518906202193,0.013061518906202193,0.9848190122434624,0.0004260074308969446,0.0004325743366042942,0.002660460907732676,1.0788511479853495,1.0788511479853495,0.0025087244362012122,0.00014064634471211868,0.05606289101605229,1.4630755590025458e-07,-8.536857939136366,8.536857939136366,1.5118698478055937e-07,5.705719899631385e-10,0.0037739241699086784,0.27776658655037934,3.8746752085336755,3.8746752085336755,0.07448947745784978,0.052463006096860096,0.7043009011016653,1.759027269170366,-1.905750860798818,1.905750860798818,1.8015987764993904,0.02233844318416017,0.012399233100919753
Synthetic_Elliptical_094,Synthetic_Elliptical,0.9855852029295352,0.5164169188084372,0.5164169188084372,0.9853846962728428,0.0003882650797706099,0.0003940238581325697,0.0028203500453534147,0.29673725485237695,0.29673725485237695,0.0027977932949227436,7.601590216622977e-05,0.02716994935866371,1.4470087754612904e-07,-8.459073285680304,8.459073285680304,1.493450804334003e-07,5.480202922266991e-10,0.0036694655168475233,0.3700155328299856,3.4484880076834887,3.4484880076834887,0.10726234137093343,0.07619373791359284,0.7103493820761394,1.8267565736933193,-0.3000196865533394,0.3000196865533394,1.8331230377678978,0.021220154408589202,0.011575957516968608
Synthetic_Elliptical_095,Synthetic_Elliptical,0.9816488659634324,-5.115983810795459,5.115983810795459,0.984339404924843,0.000525908418751673,0.0005342754908722702,0.002950425372763532,3.5975632661209778,3.5975632661209778,0.002680898123288301,7.491939013716955e-05,0.02794563115189557,1.462425147046397e-07,-2.611913644863303,2.611913644863303,1.4756199203980627e-07,5.041764776992167e-10,0.0034166864654195353,0.4440344700837197,5.2654202397931416,5.2654202397931416,0.10302732369997963,0.06476351950055775,0.628605278426173,1.7854001875506313,-0.6374549802454439,0.6374549802454439,1.7935189595912433,0.012736228112687221,0.007101250892593186
Synthetic_Elliptical_096,Synthetic_Elliptical,0.984812367300798,0.2571077388540997,0.2571077388540997,0.9846251215392097,0.0007282774223980034,0.0007396494426820923,0.0029785230386092693,-4.9230370803297365,4.9230370803297365,0.0034451673210535226,9.478788599535821e-05,0.027513289525473338,1.433653269616175e-07,-29.307507844614374,29.307507844614374,1.7462054804110507e-07,1.0654578252507779e-09,0.006101525482983201,0.3673391720713756,4.546171846306247,4.546171846306247,0.09119225710846669,0.06074273571130653,0.6660953203339541,1.7506804812109684,-4.319228032741018,4.319228032741018,1.8362905244301044,0.019820681512035834,0.01079387016832558
Synthetic_Elliptical_097,Synthetic_Elliptical,0.9852493269747007,2.2288525969749515,2.2288525969749515,0.98473990728399,0.00022855692169740835,0.00023209877045356965,0.0022668331270150038,-4.999046072105676,4.999046072105676,0.00245430140741492,3.7500809693859334e-05,0.015279626848309054,1.4328848968828802e-07,-12.59474380592543,12.59474380592543,1.5044880301048066e-07,5.67515996238362e-10,0.003772128543091729,0.1137736383062746,1.2041036382005652,1.2041036382005652,0.06095115869572747,0.04386871522810273,0.7197355418028843,1.8155724111542808,-0.4093178824581828,0.4093178824581828,1.8190100076007796,0.008398353928357008,0.004616991601618273
Synthetic_Elliptical_098,Synthetic_Elliptical,0.9848839603622217,-0.42831312832989515,0.42831312832989515,0.985095519501712,0.0004939356864613215,0.0005014089260203581,0.002838086623409977,1.7692906902001884,1.7692906902001884,0.002428407918052937,0.00023154968590344846,0.0953504080128973,1.4221206727940542e-07,-0.046501715864845264,0.046501715864845264,1.4223592076065812e-07,5.119591630989867e-10,0.0035993408769053694,0.32269385538715684,3.9549072916454255,3.9549072916454255,0.07902992970027795,0.06161052781127227,0.7795847477550774,1.7453843435635021,-1.0899377075151762,1.0899377075151762,1.7791782109551741,0.03100531998991468,0.017426764670893567
Synthetic_Elliptical_099,Synthetic_Elliptical,0.9847184865181251,-0.23739852111083368,0.23739852111083368,0.9847876131094266,0.00029118374765218824,0.00029568177318202833,0.0024506648773230167,-12.57424721063864,12.57424721063864,0.0029774106311331494,4.1890837074542636e-05,0.014069553128629146,1.4527087356638345e-07,-32.39672800868906,32.39672800868906,1.684357903152439e-07,7.140387762198526e-10,0.004239209111521704,0.1377022558927895,1.8217921263042052,1.8217921263042052,0.06031906694536048,0.0424764098100431,0.7041954055392767,1.8068607673625976,-1.0934116175784716,1.0934116175784716,1.8152370557629942,0.007660690873080152,0.004220215122181897
Synthetic_Frontal_000,Synthetic_Frontal,0.9872900903367973,1.8989968131100246,1.8989968131100246,0.9830581497092169,0.0022285138113268535,0.002266919624219349,0.007010637375598063,-3.8633061217496043,3.8633061217496043,0.009123905857924483,0.0005470103615568683,0.0599535297727578,2.3003037844670765e-07,-20.702988358076624,20.702988358076624,3.1086417106961876e-07,3.903450469894426e-09,0.012556731448761245,0.07752928939677066,-0.7425775787760953,0.7425775787760953,0.149553189322352,0.09699175141208469,0.6485435171989333,2.046017588078055,2.5016885000839086,2.5016885000839086,1.9434252511980872,0.04100923711086541,0.02110152530207315
Synthetic_Frontal_001,Synthetic_Frontal,0.9870671967681732,2.003340363052027,2.003340363052027,0.9848839362674737,0.0010898100687044673,0.0011065365456497723,0.0051480724974423105,-7.047526314557542,7.047526314557542,0.006888612809108463,0.00024697180640862934,0.0358521829019362,2.2088363235604757e-07,-18.7536720247085,18.7536720247085,3.1821198137933775e-07,5.1888288983116104e-09,0.01630615091760217,0.07019276009614528,-0.21611751998656684,0.21611751998656684,0.08064771796035554,0.04837626243649283,0.5998466374420363,1.8467788355580532,-1.0609425376974626,1.0609425376974626,1.8792793975862185,0.03063366852802371,0.016300752600892587
Synthetic_Frontal_002,Synthetic_Frontal,0.9868007484544915,-5.417674877189656,5.417674877189656,0.988186212656497,0.0002557304061233158,0.00025878766860710226,0.005950368291343328,-0.62084189220081,0.62084189220081,0.0059842353261741355,5.455017555260481e-05,0.00911564679030836,2.2165669447554805e-07,-8.192242190637398,8.192242190637398,2.435569700803856e-07,2.6722944528747635e-09,0.01097190312430663,0.01870081923860031,-0.06983098951431804,0.06983098951431804,0.019598275406019813,0.012851832311006551,0.6557634304089438,1.9911254307976989,4.3852914069948215,4.3852914069948215,1.959689857692265,0.007168411442602612,0.0036579315928289237
Synthetic_Frontal_003,Synthetic_Frontal,0.9876433779105361,2.1071401685556053,2.1071401685556053,0.9847265904334377,0.001384239889931336,0.0014057098725450713,0.0058217767502774945,-9.292329479292455,9.292329479292455,0.009540898603446563,0.0004002356838685754,0.04194947462098009,2.2105701130098054e-07,-21.533165676473917,21.533165676473917,3.9728341864868116e-07,8.182952605734929e-09,0.020597215047014263,0.030183703630279574,-0.8035327121872156,0.8035327121872156,0.07407541579647793,0.054623429139457946,0.7374029366071776,2.028280596323042,3.7074591466539215,3.7074591466539215,1.8965318738008776,0.03553612253215621,0.018737424360244902
Synthetic_Frontal_004,Synthetic_Frontal,0.9865975213648996,1.6411487261488698,1.6411487261488698,0.9849825849390829,0.0009840280764591358,0.0009990309387236474,0.004405390312895675,-6.324919976468415,6.324919976468415,0.00548316060600158,0.0001704006202119207,0.031077079886066446,2.2066618643620726e-07,-15.808888638249373,15.808888638249373,2.62310344965434e-07,2.633224295088608e-09,0.010038545208311902,0.03483173509434733,-0.9357039130535446,0.9357039130535446,0.09505181137210383,0.06435804685298432,0.6770838548290441,1.9845434292076922,4.323835798828846,4.323835798828846,1.886615983196772,0.022648280499717656,0.01200471145236951
Synthetic_Frontal_005,Synthetic_Frontal,0.9864790844924128,-0.5379746004076266,0.5379746004076266,0.9870345528559481,0.0010325178225447902,0.001046080726916998,0.00962983887209693,-1.5485649102831252,1.5485649102831252,0.010187830004693133,0.0003603278928395847,0.03536846341548959,2.816611875619363e-07,-12.630852048120563,12.630852048120563,3.6027973971615746e-07,6.223326898510335e-09,0.01727354868709691,0.04706517777222031,-0.9263684214640779,0.9263684214640779,0.09889356990638452,0.05594792625953907,0.5657387665541372,1.9763916635244654,0.6368359334692496,0.6368359334692496,1.959222763794109,0.026959690600669405,0.013760400858372624
Synthetic_Frontal_006,Synthetic_Frontal,0.9865578279081653,-2.4811871689893215,2.4811871689893215,0.987723322397531,0.00046973259472372686,0.0004755710268975476,0.004778233639201658,-3.851212663431145,3.851212663431145,0.005150906911538692,9.676777188247939e-05,0.018786550315425157,2.2109766445410594e-07,-9.799240485612907,9.799240485612907,2.5133042210307116e-07,3.0842143789462547e-09,0.012271503312790777,0.01891166388348227,-0.7083493551643206,0.7083493551643206,0.038299883167518256,0.0273709845882898,0.7146492971756166,1.960152464110373,4.705379809703598,4.705379809703598,1.9026377030574038,0.012223192042787882,0.006424340284616275
Synthetic_Frontal_007,Synthetic_Frontal,0.985360947781582,0.5972637236875786,0.5972637236875786,0.9847489843272634,0.001024611791158143,0.0010404801705452599,0.0036590434570393598,-7.399123802056197,7.399123802056197,0.006181541525607569,0.00034091848287064614,0.05515104628889264,2.1725638281429905e-07,-10.98361007119593,10.98361007119593,3.247619023272912e-07,9.786812824393778e-09,0.03013525484056296,0.010474613079691275,-1.329987127955038,1.329987127955038,0.05792780173237088,0.03567943452528951,0.6159293716946868,1.8414999436614772,4.173650400616015,4.173650400616015,1.774468489412228,0.016060629858979547,0.009050952414652565
Synthetic_Frontal_008,Synthetic_Frontal,0.9859786221671798,0.22147348075005324,0.22147348075005324,0.9857936557148324,0.0008351629797823005,0.0008471985744073879,0.004296670597858315,-8.995906936472801,8.995906936472801,0.005859854878867854,0.00017376616755292268,0.029653663975521743,2.177940296971153e-07,-14.95822615069282,14.95822615069282,2.88792743583848e-07,4.745466136524097e-09,0.016432025422830204,0.00020191087107072285,-1.4414426143553671,1.4414426143553671,0.05753228028943425,0.03977291141941229,0.6913147057379061,1.9676438596785075,3.9318569561522683,3.9318569561522683,1.8701067565273874,0.024806879862343326,0.013264953872683774
Synthetic_Frontal_009,Synthetic_Frontal,0.9854183959328716,-1.1964779893285247,1.1964779893285247,0.9863632447337422,0.0007896917520432744,0.0008006094674134399,0.015023440894322889,-0.9036581661602425,0.9036581661602425,0.015362490156194257,0.0003751963670160504,0.024422887381987737,4.2563401548183605e-07,-6.3333791347057575,6.3333791347057575,4.544592675993267e-07,4.550322683262955e-09,0.01001258637482195,0.012465713511331182,-1.0721425359782708,1.0721425359782708,0.045933186705028974,0.031215507331857167,0.6795850575671025,2.094103668730776,1.934078689204867,1.934078689204867,2.0638987489895375,0.015617213460804072,0.007566850587240543
Synthetic_Frontal_010,Synthetic_Frontal,0.9848544309385631,1.1851497594342617,1.1851497594342617,0.983564287211926,0.0010885913068638328,0.0011067820589018298,0.003500982816659405,-6.103204682235316,6.103204682235316,0.00545769015365613,0.00032060326218272435,0.05874339749925295,2.188672081185059e-07,-8.919885437673626,8.919885437673626,2.9556440359874156e-07,8.597450733044266e-09,0.029088149791428677,0.0386472112998853,-0.4863308967629133,0.4863308967629133,0.05684283777830039,0.03741408699106186,0.6582023074978567,1.7748902365128705,2.781089832635715,2.781089832635715,1.748065774884281,0.009645305703910386,0.005517701817909781
Synthetic_Frontal_011,Synthetic_Frontal,0.9856144397464978,0.12440407479749746,0.12440407479749746,0.9855219443513894,0.0007435077599710365,0.0007544304459497486,0.003851412515047332,-9.378824214937602,9.378824214937602,0.0054438817790968584,0.00016979412538027799,0.031189899457599347,2.1649655108820945e-07,-13.964078796828959,13.964078796828959,2.8788525776283434e-07,5.11131050134408e-09,0.017754617886467042,0.03251416370190212,-0.6201570476918213,0.6201570476918213,0.057129593395670926,0.03969225180100018,0.694775674761115,1.935182175936426,4.672272067967871,4.672272067967871,1.8359332780467705,0.021242105862244866,0.011570194906447003
Synthetic_Frontal_012,Synthetic_Frontal,0.9859282774790707,0.9635753695125514,0.9635753695125514,0.9850970317448828,0.0008626681000001527,0.0008757189111322873,0.003981706175667499,-6.658092253384288,6.658092253384288,0.005779421989081388,0.0002700046407200235,0.04671827756883023,2.212516642052699e-07,-10.787782800459238,10.787782800459238,3.074612630362806e-07,7.990410322734782e-09,0.025988263547620846,0.010311208838064561,-1.2817996786081203,1.2817996786081203,0.07252475622220605,0.04853609220000437,0.6692348203229681,1.773709186541442,-0.9324419980618674,0.9324419980618674,1.7861564263985235,0.013349076813379537,0.007473632553162309
Synthetic_Frontal_013,Synthetic_Frontal,0.9866741374812439,1.2346514506627244,1.2346514506627244,0.9834122286619815,0.002641967347364969,0.002686530907752602,0.0063697341613774255,-2.1032780853383186,2.1032780853383186,0.007501992163762853,0.0005383301467242846,0.07175829231771823,2.26820843861762e-07,-11.061336466460586,11.061336466460586,2.6728846234708825e-07,3.6574745982575742e-09,0.01368357198275242,0.04219340413142222,-1.3550363733713509,1.3550363733713509,0.18369465614136998,0.10442616507521157,0.5684768804285604,1.9993757380451704,1.8775962665680803,1.8775962665680803,1.9136910508879854,0.045635309720722946,0.023846748773540812
Synthetic_Frontal_014,Synthetic_Frontal,0.9861279774297047,-0.48163675839803993,0.48163675839803993,0.9866865638798895,0.0011597670650410274,0.001175415889397914,0.010131146330527236,-2.335921399355465,2.335921399355465,0.011149486884261072,0.00043594812380198176,0.03910028580582287,3.1614683202737296e-07,-13.352424598129872,13.352424598129872,3.853877630624861e-07,5.184644788798207e-09,0.013453025323308608,0.015442194797987252,-1.1752336568937978,1.1752336568937978,0.08429002513918181,0.058582248675542216,0.6950080816575238,2.059673271849782,2.4290329678445826,2.4290329678445826,1.9958743629365534,0.026265147388020757,0.013159719807895811
Synthetic_Frontal_015,Synthetic_Frontal,0.9867593679856397,1.59882131298452,1.59882131298452,0.9834497532136998,0.0020700341829713526,0.002104870305986479,0.006066408130697548,-2.8165390319571766,2.8165390319571766,0.0072021334164395654,0.00040323434897910064,0.05598818094686931,2.3122973878909064e-07,-10.352638024418523,10.352638024418523,2.7035844812960216e-07,3.778588279646169e-09,0.01397616508609985,0.03423891876206996,-1.8753501835838502,1.8753501835838502,0.20785843167047166,0.09257978292605291,0.4453982558300972,1.9914631339701485,2.5630424166457098,2.5630424166457098,1.9052716372330425,0.03362858771855326,0.017650285167406993
Synthetic_Frontal_016,Synthetic_Frontal,0.9853125030884389,0.5394724976499221,0.5394724976499221,0.9847842205794541,0.0009792575353638846,0.0009943879226524243,0.0036560133119841434,-7.488556259172936,7.488556259172936,0.005996197427163163,0.0003125013723204534,0.05211659156729652,2.1892999240749263e-07,-11.055860920044664,11.055860920044664,3.1876260421243126e-07,9.028836077617312e-09,0.028324551354991873,0.04479285378684046,-0.38027041537944145,0.38027041537944145,0.058293324707040156,0.03550229093248915,0.6090284112340647,1.8582064374658838,5.027154563775166,5.027154563775166,1.7779194152354978,0.015970669134363537,0.008982785719924842
Synthetic_Frontal_017,Synthetic_Frontal,0.9868019429469973,1.5506469324534886,1.5506469324534886,0.981985520161849,0.0031060731381172017,0.003163053908984423,0.007418484459400082,-2.2876802486796946,2.2876802486796946,0.009023167552113192,0.0007014455325876738,0.07773828075991558,2.3327573771967535e-07,-13.718799761290684,13.718799761290684,2.772766315059823e-07,3.2063428107363287e-09,0.011563654786437946,0.05195095474994742,-1.2539987520455669,1.2539987520455669,0.1905080070350859,0.11049217717152057,0.5799870508885813,2.0374847409662897,1.7413981076002738,1.7413981076002738,1.9476629444196212,0.051580276878045825,0.02648316384814191
Synthetic_Frontal_018,Synthetic_Frontal,0.9859403763236066,1.1466467541233587,1.1466467541233587,0.9846938534728105,0.0010871027586892145,0.001104000756025972,0.003915131141185528,-6.155978830897732,6.155978830897732,0.0061203644173522835,0.00035822625947678664,0.058530217318861516,2.179436173583133e-07,-10.065197956060233,10.065197956060233,3.200172239020253e-07,1.0140241830445442e-08,0.03168645118644841,0.07689623286047749,0.5442012987935256,0.5442012987935256,0.056874926124876844,0.03679025900791297,0.6468625370429133,1.7629100384022562,-0.330336179447382,0.330336179447382,1.7676855989700067,0.01445666828080743,0.008178302911571407
Synthetic_Frontal_019,Synthetic_Frontal,0.9867012835156539,-2.254063060623086,2.254063060623086,0.9882878450543771,0.0007038674135543176,0.000712208914716418,0.0048370639769023714,-4.629710656128409,4.629710656128409,0.006062309239962396,0.0002646483440187436,0.043654708709107426,2.161997577054672e-07,-9.609116541702578,9.609116541702578,3.0405480861928786e-07,9.141885356061483e-09,0.030066471670364154,0.0037443963340708535,-1.3506000492962917,1.3506000492962917,0.046156276651607646,0.03140224993941339,0.6803462544381661,1.8915367001196683,3.3490292043409235,3.3490292043409235,1.8432411265814297,0.014420768105661836,0.00782359285374644
Synthetic_Frontal_020,Synthetic_Frontal,0.9876605236118678,1.3935829213543087,1.3935829213543087,0.9854457953341266,0.0015892332220858291,0.001612704858662844,0.006563637798800364,-5.133953928588786,5.133953928588786,0.008868944526208948,0.0004490314393819092,0.05062963670641191,2.3149819582275428e-07,-16.27699971549019,16.27699971549019,3.544236103661786e-07,7.551092934328736e-09,0.02130521615450807,0.060954202830647314,-0.800819635123691,0.800819635123691,0.12508799517269065,0.08008518963366412,0.6402308192921472,2.0094451146583605,3.6538144249036795,3.6538144249036795,1.8919518158271293,0.03215633996810735,0.016996384209727954
Synthetic_Frontal_021,Synthetic_Frontal,0.984688912305395,-0.6139711133789342,0.6139711133789342,0.984931155099189,0.0003945507987287901,0.0004005871848866997,0.0033212660210273233,-9.566086494166525,9.566086494166525,0.00407140645371529,7.841664651258605e-05,0.019260333593509926,2.183943542209436e-07,-11.266640697926867,11.266640697926867,2.4654832382405257e-07,2.4978788014061265e-09,0.01013135531123465,0.04326912886933648,-0.1597767632566333,0.1597767632566333,0.04852976436264762,0.03292490964222211,0.6784477541557012,1.887328300311018,5.109096678703145,5.109096678703145,1.8260554498648758,0.011992893126576362,0.006567650028074033
Synthetic_Frontal_022,Synthetic_Frontal,0.9864386775947278,1.9647271286616939,1.9647271286616939,0.9831984259319634,0.0016492120526715838,0.001677394927790528,0.005129603705578102,-4.347061674015204,4.347061674015204,0.006386324335216922,0.0002890965713239988,0.04526806909641728,2.233184752541784e-07,-17.268360859165234,17.268360859165234,2.6879502141740245e-07,2.6325184059514965e-09,0.009793740220074038,0.005581469940824711,-1.7489535462686332,1.7489535462686332,0.14500429927327477,0.07971785735999545,0.549762026084548,1.9054722670392388,0.07905991701757611,0.07905991701757611,1.9024400742693808,0.03835309831029599,0.02015995080686317
Synthetic_Frontal_023,Synthetic_Frontal,0.9869501802662595,-1.3208335636872448,1.3208335636872448,0.9880990986082336,0.0008698433869639192,0.0008803199883374436,0.0068547575150916425,-2.1737279148735174,2.1737279148735174,0.007413085347484048,0.0002568526752581936,0.03464855228069364,2.3287161748012669e-07,-11.458767932105404,11.458767932105404,3.1676428340959984e-07,7.320264068401368e-09,0.02310942660637388,0.054213298072349606,-0.4045862304276813,0.4045862304276813,0.07108223177151131,0.04169428524773384,0.5865640991854411,1.9306579223939104,1.2204611345732919,1.2204611345732919,1.9044804190137068,0.021448862759677785,0.011262317294275185
Synthetic_Frontal_024,Synthetic_Frontal,0.9860975388150023,-4.070134912361769,4.070134912361769,0.9883361909080395,0.0005500191362620075,0.0005565101645788341,0.010383737508135938,0.2434278581577097,0.2434278581577097,0.010335031276351315,0.00020008487076955816,0.019359870850902385,2.9088286619153076e-07,-9.072378369883458,9.072378369883458,3.3866015595769507e-07,5.265236461738098e-09,0.01554721103708694,0.00669660621285804,-1.3522938075443258,1.3522938075443258,0.03832159619753917,0.02338618265268676,0.6102611835771665,2.036702182105916,3.103577529953811,3.103577529953811,1.9982726327262343,0.012382339092766322,0.006196521380501996
Synthetic_Frontal_025,Synthetic_Frontal,0.9861729654411423,2.655819633178473,2.655819633178473,0.9811003394187959,0.0019100039612327349,0.0019467977784639998,0.009124817002038602,-5.4449678801411,5.4449678801411,0.01215368113328621,0.0005562685019409426,0.04576954881362473,2.560969835043627e-07,-21.876670679298957,21.876670679298957,3.915560259636875e-07,6.1909404668601816e-09,0.015811082566130025,0.017377463414439947,-1.7539963275611978,1.7539963275611978,0.1691218053153121,0.0865134889478973,0.511545443747418,1.9471292965975677,-0.22836790275618304,0.22836790275618304,1.955952268054451,0.03863490162220714,0.019752476710802762
Synthetic_Frontal_026,Synthetic_Frontal,0.9868030930910975,1.372055001201319,1.372055001201319,0.9833776124723462,0.0024966059045592034,0.0025388069373268067,0.007541293558088501,-2.6853929603166136,2.6853929603166136,0.00924697746092894,0.0006351710626194326,0.06868958697417808,2.642068491595457e-07,-10.472783433861222,10.472783433861222,3.29277215432118e-07,6.2122829045412055e-09,0.018866364713464905,6.640611980393975e-05,-1.9348894278782478,1.9348894278782478,0.1964790344808705,0.10151103496105869,0.516650721685144,1.964927114933695,1.827252663329891,1.827252663329891,1.9031684523777408,0.033798644157716676,0.017759144817408187
Synthetic_Frontal_027,Synthetic_Frontal,0.9864280773385751,2.394593309147388,2.394593309147388,0.9830508875422928,0.0014103396100652262,0.001434655751738097,0.0055375428280689575,-6.716581173733669,6.716581173733669,0.007624854139598153,0.00031076990671614294,0.04075748873168133,2.2186332232426577e-07,-22.806672868804718,22.806672868804718,3.241032580540933e-07,4.481895699778844e-09,0.013828561607576326,0.01963990012384085,-1.355289383976156,1.355289383976156,0.10193447544015033,0.06072103588203273,0.5956869412359777,1.8582847277934385,-1.4548552150485006,1.4548552150485006,1.9113765558463625,0.03649286025324467,0.019092449439962102
Synthetic_Frontal_028,Synthetic_Frontal,0.9870886995286946,2.405607521944772,2.405607521944772,0.98202502189362,0.002104947538813562,0.0021434764816404463,0.008324851398394372,-5.3871935726225475,5.3871935726225475,0.011609812070345862,0.000609772161011311,0.052522138796396854,2.400634255979627e-07,-23.55767812228169,23.55767812228169,3.646603183306519e-07,5.288014141628883e-09,0.014501165535835763,0.04004303297551875,-1.0671998432007763,1.0671998432007763,0.12836757590419665,0.08276288971586164,0.6447336029542581,2.098984453288375,2.7610612296075883,2.7610612296075883,1.983158317538801,0.04194986134489838,0.02115305720873516
Synthetic_Frontal_029,Synthetic_Frontal,0.9863788319708975,1.2064119901759542,1.2064119901759542,0.9850158094837291,0.0011298151021883868,0.0011470019986576697,0.004081944963626056,-5.788232487211251,5.788232487211251,0.0058711779640741,0.0003091156062948427,0.05264967407455198,2.1860529194924803e-07,-8.949142742348696,8.949142742348696,3.006113947818672e-07,9.162570768019369e-09,0.030479683895496018,0.027862521220720533,-1.0380039206560259,1.0380039206560259,0.08588143842930976,0.055894699483295646,0.650835622981007,1.8465789964428205,3.4298850045083853,3.4298850045083853,1.780821695306963,0.019171867583313545,0.010765742372651235
Synthetic_Frontal_030,Synthetic_Frontal,0.9862198352541279,-0.7647359186725076,0.7647359186725076,0.9868774065362166,0.0008598671322583943,0.0008713008592176818,0.00457773508604706,-6.983602030688979,6.983602030688979,0.006345782072632546,0.00025317121047738943,0.03989598248722484,2.1801847132979233e-07,-11.978394108049493,11.978394108049493,3.15513095818402e-07,8.138206608930425e-09,0.025793480281193108,0.010693031218413111,-1.2169613397988193,1.2169613397988193,0.05482883773044141,0.03626722153565503,0.6614625265867659,1.91341296422489,3.246603634963268,3.246603634963268,1.8426796267832952,0.021786871879464428,0.011823472492331845
Synthetic_Frontal_031,Synthetic_Frontal,0.9851654338460952,0.03330926423592946,0.03330926423592946,0.9851459732354538,0.0005842401822582674,0.0005930493532231478,0.0036775611611042313,-5.23220653811131,5.23220653811131,0.004232511196012219,0.00010606424376284345,0.025059412444724417,2.1779951456420678e-07,-8.310670009419763,8.310670009419763,2.449224650443415e-07,3.2626298215898456e-09,0.013321017735067452,0.08218931482519862,0.055038205625515625,0.055038205625515625,0.07931100182174386,0.052296635958373944,0.6593869041681546,1.8767582152090974,4.375379231132036,4.375379231132036,1.8176929370279382,0.013499464859301324,0.0074267025988264635
Synthetic_Frontal_032,Synthetic_Frontal,0.9861141803048348,-0.9545389872229917,0.9545389872229917,0.986854314905593,0.0007753843580103414,0.0007857130949300581,0.004204067360404356,-5.373822328522948,5.373822328522948,0.005655191614883479,0.0002700357697728643,0.04775006544684129,2.231947958689363e-07,-9.153275324340132,9.153275324340132,3.0016826324769294e-07,8.40839058984394e-09,0.028012163866709846,0.0020064642521929027,-1.4408872853698673,1.4408872853698673,0.049568159947950934,0.03300861641103894,0.6659237793985842,1.8558305264882666,3.515351383384766,3.515351383384766,1.810822862821219,0.012803176341420655,0.007070363757980468
Synthetic_Frontal_033,Synthetic_Frontal,0.9863492820800667,2.46433756160077,2.46433756160077,0.9842615692472839,0.0008471699911769755,0.0008607163153022319,0.0042318186384789885,-7.2565367993035235,7.2565367993035235,0.00530700901001651,0.00014816852639459922,0.027919403582512263,2.169221931607587e-07,-19.581285830719864,19.581285830719864,2.666272659080108e-07,2.5373967721503187e-09,0.009516608314235312,0.041433443991992044,-0.7089963629303184,0.7089963629303184,0.07502760120738637,0.047382693298790635,0.6315368282558703,1.8328830119056143,-1.9018242511381096,1.9018242511381096,1.88206086225536,0.0258582517908342,0.013739328153199747
Synthetic_Frontal_034,Synthetic_Frontal,0.9870030758986601,1.6909786006139111,1.6909786006139111,0.9836291319709264,0.0019952611610920576,0.002028468958714212,0.007480800269237444,-4.415939314352932,4.415939314352932,0.00992867362943653,0.0005543267652766268,0.05583089805443177,2.303630090931641e-07,-20.991585738861982,20.991585738861982,3.4117578013056354e-07,5.277913771256946e-09,0.015469733225212933,0.05799002875938315,-0.8822609763691958,0.8822609763691958,0.1379205036170968,0.09059731417088454,0.6568806797700607,2.058251223782031,3.0760510945750696,3.0760510945750696,1.9386084283970875,0.038894931099444266,0.020063325078795803
Synthetic_Frontal_035,Synthetic_Frontal,0.9867467795990074,1.028504321597337,1.028504321597337,0.9841070834760246,0.0025665386780821964,0.002607987200960043,0.010038587527303376,-2.2937179718950427,2.2937179718950427,0.012122440171854218,0.0009085043007861467,0.07494401191771277,3.058417022634297e-07,-12.45397998078319,12.45397998078319,3.9672513396171857e-07,7.296541174670613e-09,0.018391884350564817,0.03745829419870191,-1.3138455481972524,1.3138455481972524,0.17144821162997673,0.10198300524274757,0.5948327152123037,2.0265047949740964,2.2230427628460814,2.2230427628460814,1.9491855832801384,0.03478080268359122,0.017843761508354358
Synthetic_Frontal_036,Synthetic_Frontal,0.986082811020641,1.3560935905546796,1.3560935905546796,0.9834481214863661,0.0019428522863537548,0.0019755513726696502,0.007689109322129026,-3.449736937318124,3.449736937318124,0.009527598380497894,0.0005329360146366403,0.05593602850342377,2.643779707050312e-07,-14.371546513544756,14.371546513544756,3.4968449547732603e-07,5.934792970637918e-09,0.01697180194030306,0.01212381624471578,-1.8036707065088236,1.8036707065088236,0.17814213692982683,0.092044695345001,0.5166924397047188,1.9331701375687613,0.6900261055813205,0.6900261055813205,1.9086676879461086,0.03550945308267763,0.018604314049487716
Synthetic_Frontal_037,Synthetic_Frontal,0.9862993837607251,-0.1676331505928342,0.1676331505928342,0.9863890207205064,0.0005347209623909381,0.0005420994670032012,0.0041486910487430265,-6.79019849591044,6.79019849591044,0.005002515591608902,0.00012574367841969772,0.025136089251871798,2.2604221834145307e-07,-9.919170286501314,9.919170286501314,2.6706303394540577e-07,4.1345087592131195e-09,0.015481338681712236,0.03399063072123294,-0.9099114356986421,0.9099114356986421,0.07786162153773908,0.04821457242364637,0.6192341165108899,1.9345191228928396,5.635638770589564,5.635638770589564,1.847833987477521,0.015381598952378304,0.008324123842622577
Synthetic_Frontal_038,Synthetic_Frontal,0.9867708385729206,2.018261863415387,2.018261863415387,0.983561279727449,0.0015902588765275341,0.0016168376178519227,0.009031536351029696,-4.064036693022865,4.064036693022865,0.010908968435220873,0.00046196238418573195,0.0423470273002061,2.508582511434045e-07,-20.839200638001962,20.839200638001962,3.590737031430844e-07,5.191879222168449e-09,0.014459050377880797,0.0600716027151593,-0.9811913313649079,0.9811913313649079,0.11905991433044599,0.06011907130513323,0.5049480477347751,1.9719230619149286,0.0042439777047928885,0.0042439777047928885,1.9717636525519655,0.0375613101781454,0.019049600660562147
Synthetic_Frontal_039,Synthetic_Frontal,0.9865871099349545,1.8366345798796138,1.8366345798796138,0.9844031518387071,0.001189108665564765,0.001207948860527816,0.005052495310916366,-7.274919840143153,7.274919840143153,0.006962175151335264,0.0002625018385228558,0.037703998072327584,2.2297108017428454e-07,-18.571309447596995,18.571309447596995,3.19373976245029e-07,5.189958469717296e-09,0.016250360409374987,0.00527036710304269,-1.5690992012019096,1.5690992012019096,0.09703866274711684,0.058484699738685565,0.6026948237167513,1.828778730740725,-1.4686912266567713,1.4686912266567713,1.8751850850750358,0.031597080101362286,0.016850112745047285
Synthetic_Frontal_040,Synthetic_Frontal,0.9856298976869139,0.23498387884697677,0.23498387884697677,0.985478462745625,0.0006444482140518145,0.0006539444933739843,0.003995557956801222,-8.63910676100483,8.63910676100483,0.004953754550167517,0.00011091384922481716,0.022389855629539945,2.17267476058555e-07,-14.665335543107124,14.665335543107124,2.5590732082191984e-07,2.633773998166445e-09,0.010291865421598474,0.002207570046995491,-1.3836818399286754,1.3836818399286754,0.05194976444666453,0.03594915605804974,0.6919984419614801,1.948788399040634,3.322975002949466,3.322975002949466,1.8806718786742136,0.020498655663264816,0.010899644906534422
Synthetic_Frontal_041,Synthetic_Frontal,0.9864624735343073,-5.6220065163853725,5.6220065163853725,0.9881254171846519,0.00029579183871023944,0.00029934645295604743,0.008701701810545288,2.02742215132387,2.02742215132387,0.008541187960307757,7.917139906225052e-05,0.009269366207710577,2.6750488981640697e-07,-7.228272110282554,7.228272110282554,2.908767752662412e-07,3.2323986730503205e-09,0.011112566678879806,0.011964881187193558,-0.24706366455028678,0.24706366455028678,0.014582712277341545,0.010595775362864402,0.7265983968291961,2.0348790668900856,4.543675385869622,4.543675385869622,2.005880753368939,0.006382127034599489,0.003181708096992967
Synthetic_Frontal_042,Synthetic_Frontal,0.9866471778511164,-4.015099263870526,4.015099263870526,0.9890811898808436,0.0006062146576584714,0.000612906871407483,0.0073799462255648915,-2.1900566218386794,2.1900566218386794,0.007810541777698279,0.00019661388917964178,0.025172887457803196,2.7381848919754e-07,-9.569972636578521,9.569972636578521,3.448526177633068e-07,7.4216051905581065e-09,0.021521030397459794,0.0057285134161146264,-1.3320807246345852,1.3320807246345852,0.05508736440554188,0.03705394881502788,0.6726397099264302,1.9780627565961462,3.2640292548893135,3.2640292548893135,1.9258314760240076,0.016002087141417407,0.008309183508853199
Synthetic_Frontal_043,Synthetic_Frontal,0.9856148858292513,-1.4709626730424235,1.4709626730424235,0.986505588880446,0.0006055238967291675,0.0006138068588296024,0.004083235467105255,-4.495039769376049,4.495039769376049,0.004955484666332806,0.0001940470472975565,0.03915803605987112,2.200876715804166e-07,-8.474373246948769,8.474373246948769,2.734228421927123e-07,6.292700909562748e-09,0.0230144557222906,0.036413127105324315,-0.3132732410303649,0.3132732410303649,0.045877515825448564,0.03021128995468085,0.6585206153918196,1.8442643363855844,2.9048328169419406,2.9048328169419406,1.8128478525625191,0.0108152467973128,0.005965887750601426
Synthetic_Frontal_044,Synthetic_Frontal,0.9864761641127571,-0.29716695444149044,0.29716695444149044,0.986732818506786,0.0008636707073102703,0.0008752832490322764,0.00998933853601991,-0.19066240812313565,0.19066240812313565,0.01004394193223595,0.00028638784416335606,0.028513490626193596,2.891035496882448e-07,-8.310475212411859,8.310475212411859,3.1292087854029795e-07,2.864940664437758e-09,0.009155450164756737,0.03336707761973566,-0.8009539576298231,0.8009539576298231,0.061611474407662535,0.03526344619197154,0.572351928442302,2.0342781759040345,0.5946724183784147,0.5946724183784147,2.0221501019960066,0.02039454585854959,0.010085574675395574
Synthetic_Frontal_045,Synthetic_Frontal,0.9861194203570067,-1.3357109142170438,1.3357109142170438,0.9871516308321207,0.0007727798453928692,0.0007828380374964996,0.004327699796819902,-4.763856774204634,4.763856774204634,0.0056540095093179,0.0002784109117041161,0.04924132355915727,2.2115561119633005e-07,-9.019597580455683,9.019597580455683,2.9899418400961773e-07,8.628938544259885e-09,0.028859791079385144,0.03827930648841571,-0.31943698571268186,0.31943698571268186,0.048671649345561695,0.03253331117447358,0.6684242595278277,1.8615942396608387,5.087867172593149,5.087867172593149,1.8109663776195526,0.009950704355828257,0.0054946930427844775
Synthetic_Frontal_046,Synthetic_Frontal,0.9870724815855492,-0.8597733302044619,0.8597733302044619,0.9879298825059082,0.0009972406556218118,0.0010094245282785425,0.006661932099662011,-3.8410826868149424,3.8410826868149424,0.00790715752248674,0.00032418604870393896,0.040999062904843446,2.5734895545492475e-07,-11.541000257541693,11.541000257541693,3.546772743446167e-07,8.432265463805084e-09,0.023774406479749665,0.0007148662676931943,-1.5431177230575497,1.5431177230575497,0.09131821070461132,0.05871447335583224,0.6429656571471165,1.9834703122551745,3.83798406779694,3.83798406779694,1.8961253800502262,0.022758023654654597,0.012002383330811045
Synthetic_Frontal_047,Synthetic_Frontal,0.9861431089009592,-3.575144830841167,3.575144830841167,0.9876305813845054,0.0004160593627254739,0.0004212702305570588,0.01250013131579184,0.267589357828326,0.267589357828326,0.012456949041420973,0.00016137515502758466,0.012954629137362342,3.6934016276882e-07,-7.631840796344263,7.631840796344263,3.99525662602064e-07,3.95420564942906e-09,0.009897225941507494,0.00876867031511125,-1.0273245589360338,1.0273245589360338,0.02662785079161445,0.017384165812186988,0.6528565128135949,2.0606131735754434,2.7758034446127073,2.7758034446127073,2.034782707323952,0.009305581884353988,0.0045732558326032095
Synthetic_Frontal_048,Synthetic_Frontal,0.9866245858100654,0.6376694877898751,0.6376694877898751,0.9858057639275438,0.0012840850904155693,0.0013025741351910438,0.004750379059007843,-4.556984717756826,4.556984717756826,0.006021466421348641,0.00027893167006482877,0.04632288059094298,2.216554915952219e-07,-10.063487027602472,10.063487027602472,2.9271857553070035e-07,7.060477173922341e-09,0.024120276756761833,0.059629180604440085,-0.7630446332153196,0.7630446332153196,0.11506792192217968,0.0726546507291043,0.6314066467421664,1.9150295619975573,3.52744431095146,3.52744431095146,1.8271238770469844,0.024920502550282508,0.013639197026172976
Synthetic_Frontal_049,Synthetic_Frontal,0.9870250818448174,1.1999039187537475,1.1999039187537475,0.9848885901576067,0.001780552303079287,0.0018078717947098428,0.0074486714007012365,-3.7012603807904525,3.7012603807904525,0.009279185057159817,0.0004945649493501428,0.05329831728220985,2.4788231301841867e-07,-13.905568369561124,13.905568369561124,3.428458764617328e-07,6.828175256955807e-09,0.01991610752713957,0.05584867967068545,-1.5033048139832574,1.5033048139832574,0.17978705348170781,0.08244394127969537,0.45856439428006396,2.0112166960038755,2.9839957021304957,2.9839957021304957,1.909582594580382,0.03405973451903617,0.017836219609292537
Synthetic_Frontal_050,Synthetic_Frontal,0.9862642796966571,1.9002712406071878,1.9002712406071878,0.9850798478061351,0.0006232962238818319,0.0006327367525275622,0.0039295046970574225,-7.813719770529925,7.813719770529925,0.004779649195368491,0.00010880150753598014,0.022763492270237315,2.1784263967641787e-07,-15.538778540869497,15.538778540869497,2.605887151607961e-07,2.7499289338250852e-09,0.010552714761318381,0.05680127940131752,-0.066860485698599,0.066860485698599,0.05943747858608156,0.03942835827697887,0.663358527552823,1.8225447233762608,-1.675667418572293,1.675667418572293,1.8551765725274165,0.019473941420477762,0.010497082438862822
Synthetic_Frontal_051,Synthetic_Frontal,0.9870580019548588,1.3313983258073707,1.3313983258073707,0.9848293458462213,0.001673921368313773,0.00169970703591671,0.005740584481144226,-4.082994024268365,4.082994024268365,0.007248651940777814,0.0003693533339963254,0.050954761928565885,2.2486654823869365e-07,-15.351693163649504,15.351693163649504,2.952736550660224e-07,4.585276319933372e-09,0.015528851668315793,0.06526577028175813,-0.7869560959881158,0.7869560959881158,0.1342717628563983,0.08768722032352781,0.6530577871138473,2.011966537053991,3.5514769805327036,3.5514769805327036,1.8969529492800137,0.03238472004770663,0.017071968000039822
Synthetic_Frontal_052,Synthetic_Frontal,0.9850901639684341,0.7212502739594766,0.7212502739594766,0.9845250795038222,0.000783479028421689,0.0007957938753736456,0.00340683459515117,-6.140520235151095,6.140520235151095,0.0047924761190354945,0.00022565539476798236,0.047085345678532266,2.1725956508421166e-07,-8.567488037014327,8.567488037014327,2.7100131007589624e-07,6.271754016054975e-09,0.02314280647385819,0.03232552070253129,-0.6499232462027673,0.6499232462027673,0.054001316306892,0.0333513160674795,0.6176019095039242,1.8155441684432456,4.962355878338689,4.962355878338689,1.7696158338239873,0.009255348818245563,0.005230145798503804
Synthetic_Frontal_053,Synthetic_Frontal,0.9859548952783447,0.1519260478733972,0.1519260478733972,0.9858219499356079,0.0008750661551838603,0.000887651320038198,0.003925559109615949,-5.333885090738882,5.333885090738882,0.005471797310997485,0.00028988967136400333,0.052978876013625366,2.1448034953767269e-07,-9.278861661042878,9.278861661042878,2.9256039197272306e-07,8.413829888332955e-09,0.028759194203989223,0.033496706134037185,-0.5255730550923312,0.5255730550923312,0.0518010985154042,0.03482749392018542,0.6723311844276114,1.8183000305320263,2.7980629943337596,2.7980629943337596,1.7868517654657685,0.011239298445797774,0.0062900004706667985
Synthetic_Frontal_054,Synthetic_Frontal,0.9869048405784336,1.2698583085508763,1.2698583085508763,0.9847854321767002,0.0016690117205927957,0.0016947973295076424,0.0062398995674205525,-4.09483978302586,4.09483978302586,0.007863993748748162,0.00039661971244028853,0.050434896702834985,2.3703448367238424e-07,-10.955190519862454,10.955190519862454,3.2198578736657e-07,7.753434168914147e-09,0.02407997617643593,0.00110766212534759,-2.0880704738065154,2.0880704738065154,0.18322967448693425,0.08722024215374942,0.4760159204424767,1.9188025056228197,2.0295988167727566,2.0295988167727566,1.858237936997032,0.029840660195132113,0.016058578721807527
Synthetic_Frontal_055,Synthetic_Frontal,0.986665187174694,-2.49477429917952,2.49477429917952,0.9885577490006583,0.0007586104378628409,0.0007673911196679804,0.006013853414969575,-3.7028101967082394,3.7028101967082394,0.006799490851602591,0.00021217329303798216,0.03120429126789253,2.2523066907210596e-07,-10.793450366698124,10.793450366698124,2.98173718465693e-07,6.75708447858749e-09,0.022661493614740978,0.009394788000302676,-1.201280871424313,1.201280871424313,0.04411724867236825,0.028904531402131787,0.6551752947273036,1.9693531779998024,2.8536815754937015,2.8536815754937015,1.9101861875277828,0.020733564311193234,0.010854211200226688
Synthetic_Frontal_056,Synthetic_Frontal,0.9867432793914604,1.6474916817929597,1.6474916817929597,0.9851130568140515,0.0009895179403803186,0.0010044714497841583,0.004477187554075165,-7.945167548997516,7.945167548997516,0.006213949207757741,0.00021859345759883258,0.035177863586453834,2.185011124960138e-07,-15.798261092392806,15.798261092392806,3.073306487374864e-07,5.6217413714694125e-09,0.018292100389151064,0.029832739319303272,-1.0498795398411334,1.0498795398411334,0.08227710675439795,0.04995274738088583,0.6071281471939772,1.8041318523575496,-1.5655133803169758,1.5655133803169758,1.8462700951013975,0.026916565052769147,0.014578888064195343
Synthetic_Frontal_057,Synthetic_Frontal,0.9864695565268096,1.822204000367574,1.822204000367574,0.983895910339109,0.0014123809328479464,0.001435498326606237,0.005610542721702451,-8.539814977813926,8.539814977813926,0.008554135781586454,0.00034469049493361594,0.040295186292845384,2.1964706574306895e-07,-23.852515163577024,23.852515163577024,3.464582471143609e-07,5.315470003336739e-09,0.01534226621921332,0.008067164269605092,-1.2975917544320852,1.2975917544320852,0.07377600529347644,0.050639071031499,0.6863894409757411,2.0504636702295684,3.4820363696170737,3.4820363696170737,1.9252635168749808,0.03595601540625899,0.018675892983524064
Synthetic_Frontal_058,Synthetic_Frontal,0.986690186862937,1.808000653310489,1.808000653310489,0.9839408092995093,0.0015206728806128824,0.0015454922351416035,0.007240237565161269,-5.360271359408083,5.360271359408083,0.009479864659339312,0.0004178197219226389,0.04407443955087898,2.4075931026937985e-07,-17.24539814161841,17.24539814161841,3.610881750865026e-07,6.976447770645114e-09,0.019320567471937743,0.015235577037364419,-1.8209217979681935,1.8209217979681935,0.16655241395548473,0.08309903098811851,0.49893621481721573,1.9000094379653407,0.26267226176199615,0.26267226176199615,1.8915891350339555,0.03205630801912398,0.016946760491163212
Synthetic_Frontal_059,Synthetic_Frontal,0.9867456848164061,-8.716958354776862,8.716958354776862,0.9899906714487657,0.00037226134295621766,0.0003760251017426956,0.008204552903923015,0.2594511842418285,0.2594511842418285,0.008160570374554595,0.00016952140433467453,0.02077322987649056,2.4370548361624747e-07,-8.889056711355197,8.889056711355197,3.309975344699148e-07,9.819170315952352e-09,0.029665298463262043,0.01620371118469104,-0.6051284524631554,0.6051284524631554,0.027900754804241944,0.019329852317030122,0.6928075047417164,1.9636204790630667,3.8562506855655743,3.8562506855655743,1.9269176787031626,0.009517742322466492,0.004939361150532959
Synthetic_Frontal_060,Synthetic_Frontal,0.9870285156133392,-4.3668073466752935,4.3668073466752935,0.989029329219267,0.00045818682683228127,0.00046326920071572354,0.006279356301015748,-0.40500998658752085,0.40500998658752085,0.00633140019962394,0.00012850028376259714,0.020295713379472335,2.2342118098939543e-07,-8.744293515291758,8.744293515291758,2.735133282451847e-07,5.727552817696436e-09,0.02094059515800621,0.04049985212462292,0.4704282856750947,0.4704282856750947,0.030523616506134756,0.021206708698864055,0.6947639606829382,1.9653815055499617,3.221370497471645,3.221370497471645,1.9242687707294386,0.01276249808880099,0.006632388511900256
Synthetic_Frontal_061,Synthetic_Frontal,0.9866005518365932,1.2444918435785697,1.2444918435785697,0.9848682825023823,0.0013919491251828625,0.001413335315911224,0.004855051478816099,-4.436856486592423,4.436856486592423,0.00599785618176795,0.00025757080535924364,0.04294381150706039,2.2292323389914195e-07,-11.106086463434941,11.106086463434941,2.7666808872084283e-07,4.838225320156423e-09,0.017487408306166644,0.0050061954588556026,-1.7174418327841765,1.7174418327841765,0.13753383319558835,0.07716572125192286,0.5610671894938287,1.8908106456230989,1.0531096050500057,1.0531096050500057,1.8570550007443527,0.032053306432515354,0.01726028923195616
Synthetic_Frontal_062,Synthetic_Frontal,0.9874425279241947,0.9391782371061425,0.9391782371061425,0.9865259830225511,0.0009759009147492091,0.0009892298140574283,0.005128562340602939,-5.991632247062861,5.991632247062861,0.006891642652855032,0.00029425709615685025,0.04269767179414756,2.1944188819450447e-07,-12.598186736438404,12.598186736438404,3.350419239537188e-07,9.174926518445566e-09,0.027384331566163583,0.06745643767275253,0.07256974059430397,0.07256974059430397,0.06437328319774183,0.04248540024656131,0.6599849834502722,1.830368175416023,-0.37648180525585695,0.37648180525585695,1.8395568970242047,0.0244068145645458,0.013267768234847585
Synthetic_Frontal_063,Synthetic_Frontal,0.9867904680608452,1.2540088716478999,1.2540088716478999,0.9851809618599906,0.0012834886865557653,0.0013027948531722298,0.005563729166868778,-8.811626688353032,8.811626688353032,0.008664802595789946,0.00035192973213543595,0.04061601267936739,2.2326309542325125e-07,-19.90213813519798,19.90213813519798,3.747826097978591e-07,7.612227952962382e-09,0.020310994808625877,0.00178418002751658,-1.3603943417955522,1.3603943417955522,0.07011554504965847,0.05022908646517344,0.7163758967983909,2.0076890661317544,3.592796909599277,3.592796909599277,1.888397712608868,0.033202921434431626,0.01758258930982467
Synthetic_Frontal_064,Synthetic_Frontal,0.9861977106081256,-3.4964387569200275,3.4964387569200275,0.9880366989611487,0.0005259604063955067,0.0005323288162757363,0.011177842425737683,1.7820189106769284,1.7820189106769284,0.01082900810864643,0.00019575230836171338,0.018076660981289516,3.02610150389e-07,-7.857453724898099,7.857453724898099,3.3890624353652474e-07,4.618320000894496e-09,0.013627091450456917,0.025441446146980375,-0.5522693879295604,0.5522693879295604,0.038213109573872986,0.023125785541401968,0.605179369035393,2.03305068887866,1.808462190205778,1.808462190205778,2.0103826068361887,0.012534451736634658,0.006234858824387831
Synthetic_Frontal_065,Synthetic_Frontal,0.9865400818243117,2.044601475417009,2.044601475417009,0.979922864050784,0.0032364340195604755,0.0033027436528814845,0.008626353552019234,-2.754984777240433,2.754984777240433,0.010665043842904471,0.0007400005636954313,0.0693856091476242,2.5691087314124484e-07,-11.247432208029295,11.247432208029295,2.928917604662753e-07,3.198031268607645e-09,0.010918778816917456,0.020443159431077572,-2.048556760187266,2.048556760187266,0.2421502479677264,0.10822599248572112,0.44693735973253457,2.0269511879431485,1.409276412117743,1.409276412117743,1.9622273093355964,0.045927028970052235,0.023405559973364944
Synthetic_Frontal_066,Synthetic_Frontal,0.9875069516246859,3.714791040937372,3.714791040937372,0.9828765797692275,0.0012464689940070632,0.0012681846527449634,0.004971683176887605,-7.358564795633776,7.358564795633776,0.006759387225606761,0.00024294194466036782,0.0359414154738884,2.2109673750299086e-07,-23.133081743229912,23.133081743229912,2.9706779027955934e-07,3.2830869893524687e-09,0.011051605206534452,0.05133013593738854,-0.7000550620054106,0.7000550620054106,0.08883514090241347,0.05357436436054941,0.6030762580632191,1.8677818035067166,-1.5908500918183854,1.5908500918183854,1.9210380949530406,0.033476624679236545,0.017426320054333668
Synthetic_Frontal_067,Synthetic_Frontal,0.9868131318771722,1.7321550832236987,1.7321550832236987,0.9846869350371995,0.001227486417834785,0.0012465753064827315,0.005049500900285478,-9.005338755600862,9.005338755600862,0.007608140368128807,0.0002841247318149633,0.037344833038023696,2.1767272590014663e-07,-21.14721780135585,21.14721780135585,3.271473710741236e-07,5.175787140621307e-09,0.01582091674070602,0.002367288839561693,-1.3790490797028045,1.3790490797028045,0.06836934136954319,0.04786055369604857,0.7000294684229502,2.023213341117279,3.5260686006480237,3.5260686006480237,1.9059736148039719,0.03324941729387643,0.017444846578990376
Synthetic_Frontal_068,Synthetic_Frontal,0.9867636450940037,2.373984390337897,2.373984390337897,0.9804496526182588,0.002659660484318626,0.0027126946062078524,0.010776537599426116,-3.9773052351302236,3.9773052351302236,0.014087539689104549,0.0008324737202606781,0.05909291037138508,2.853128136372452e-07,-17.883735596594445,17.883735596594445,3.7926061833076556e-07,5.252253951674983e-09,0.013848630332780824,0.05124547863970228,-1.5974334613758123,1.5974334613758123,0.18980663559937194,0.0867398613515548,0.456990668830889,2.1086380887485174,1.9031909696571236,1.9031909696571236,2.01868498072211,0.04726436256720468,0.023413441432686633
Synthetic_Frontal_069,Synthetic_Frontal,0.9871749346894418,0.3256289468748814,0.3256289468748814,0.9868923902009928,0.0008676884866502184,0.000879212865824838,0.005292774515071281,-4.79047996120699,4.79047996120699,0.0062952867451282375,0.00020927177096757707,0.033242611402297846,2.1650885511693414e-07,-13.333652000235581,13.333652000235581,2.957649203984863e-07,5.94306283290968e-09,0.02009380534749431,0.07155823728058214,0.232703230917773,0.232703230917773,0.062241903619629516,0.04003525702662847,0.6432203177885958,1.8890527519184814,0.41901933208789044,0.41901933208789044,1.878301193462771,0.025658860181268037,0.013660673948649626
Synthetic_Frontal_070,Synthetic_Frontal,0.9866878470141741,-2.8981225905415795,2.8981225905415795,0.9878872070939011,0.0004138403533180891,0.00041891457885670714,0.004680395700763407,-3.233463691344031,3.233463691344031,0.005038434057757366,0.00011072904721922899,0.02197687732496358,2.2789612020148114e-07,-8.802001069364328,8.802001069364328,2.647156018632605e-07,4.18208079851647e-09,0.015798332137387915,0.03598392323874732,0.05754563524704469,0.05754563524704469,0.03449418468829224,0.025887950389322414,0.7505018779979632,1.909820560634412,4.298470929992585,4.298470929992585,1.8728785189977992,0.008594228560335548,0.00458878057127263
Synthetic_Frontal_071,Synthetic_Frontal,0.986380383476247,-0.39423426136415207,0.39423426136415207,0.9867144687552402,0.0008474283220410386,0.000858838447062834,0.004274277506856691,-4.868085347616312,4.868085347616312,0.005705062745040282,0.000293911287733708,0.05151762580309975,2.1663345447210518e-07,-8.996688153767568,8.996688153767568,2.9834847002216154e-07,9.081788483208272e-09,0.03044010261702048,0.05622714576452793,0.13274057483361915,0.13274057483361915,0.05172360077320007,0.03392741817518869,0.6559368966460629,1.8337177391225448,2.2268290965697095,2.2268290965697095,1.8047371829661782,0.013014270470411232,0.007211172127020954
Synthetic_Frontal_072,Synthetic_Frontal,0.9870467465654946,1.7311577391916322,1.7311577391916322,0.9848697987422503,0.0012575097994996479,0.001276828471239855,0.006613938890162467,-6.325626678272301,6.325626678272301,0.008810345725796736,0.0003472235939646916,0.03941089313993755,2.3429010983583706e-07,-16.61953487510665,16.61953487510665,3.653594173323525e-07,7.885460630907058e-09,0.021582690014649283,0.007021928465815611,-1.8537291021992257,1.8537291021992257,0.13665170635903023,0.06992919177757462,0.5117330301996761,1.8666469324030628,-0.3784572244616789,0.3784572244616789,1.877145267232734,0.02773981879781973,0.0147776622736815
Synthetic_Frontal_073,Synthetic_Frontal,0.9867410996726356,1.9783203020464775,1.9783203020464775,0.9821357028053758,0.0023279328734166155,0.0023702761917367733,0.0066332224918461144,-3.827065975779319,3.827065975779319,0.008561351615095662,0.0005038139221077446,0.058847474639466456,2.236027466740842e-07,-18.601320581213685,18.601320581213685,2.9767964931259486e-07,3.981346431539075e-09,0.013374555721820728,0.010441803259119281,-1.7670680650900599,1.7670680650900599,0.17027027786756385,0.09044839741276843,0.5312048499890741,1.9417905490251508,0.33317530844031995,0.33317530844031995,1.925703539948344,0.04828391741207087,0.02507339079479544
Synthetic_Frontal_074,Synthetic_Frontal,0.9869393088027648,1.056821526409817,1.056821526409817,0.9853137199684318,0.0015381867161606828,0.001561113668658144,0.004765918776833759,-3.4280353386945763,3.4280353386945763,0.005712949812317026,0.0002762605803287516,0.04835690656423786,2.1781383368389922e-07,-9.438941988006656,9.438941988006656,2.640442410872871e-07,4.896837857476967e-09,0.018545450155862453,0.04148131379070026,-1.1821471565471167,1.1821471565471167,0.13992604376229623,0.08327620586421478,0.59514443219082,1.9330529460539625,2.6258655627794236,2.6258655627794236,1.853073750821006,0.030458221610429412,0.016436594386444917
Synthetic_Frontal_075,Synthetic_Frontal,0.9862213201379251,0.08235871012771305,0.08235871012771305,0.9861514441531578,0.0008484346655812101,0.0008603492603602379,0.004236980789768288,-6.793631656787435,6.793631656787435,0.006019664849450533,0.0002624051675082436,0.04359132510319146,2.239260479410244e-07,-11.015848150616092,11.015848150616092,3.1264441479259636e-07,8.052702777902774e-09,0.025756663609619222,0.04908746962882067,-0.3887783624709253,0.3887783624709253,0.06665839693736005,0.04519522947850431,0.6780125468708311,1.9015544635698092,6.078539198251516,6.078539198251516,1.810715997939727,0.014944127636806763,0.008253159332442124
Synthetic_Frontal_076,Synthetic_Frontal,0.9867038574793024,1.17036281431052,1.17036281431052,0.9853573628859398,0.0011504933134649767,0.0011675899087963528,0.004848643575523428,-7.206755527070147,7.206755527070147,0.007012778399897871,0.0003002925254004697,0.04282076350252592,2.2363424390353172e-07,-13.994511597681196,13.994511597681196,3.3996353323596335e-07,8.311493688719132e-09,0.02444811995417849,0.0002406817869884397,-1.6548127635590524,1.6548127635590524,0.09383827571085498,0.05656083635764856,0.6027480356877762,1.8049261857622385,-0.8139315379296829,0.8139315379296829,1.82763969525535,0.02790592136295841,0.015268830850735186
Synthetic_Frontal_077,Synthetic_Frontal,0.9865436437542862,0.6241678992607136,0.6241678992607136,0.9857058227478607,0.0013423006963249222,0.0013617660212066286,0.004929897599300425,-3.8877361549835703,3.8877361549835703,0.006084185675906717,0.00029690494074267583,0.048799454275305146,2.3479973065901335e-07,-9.227755608516295,9.227755608516295,2.995999473265742e-07,7.021316088189066e-09,0.02343556037069408,0.04741762157516437,-1.1299937350504599,1.1299937350504599,0.12833620530715487,0.07160976315257808,0.5579856672607085,1.8979524313437923,3.574149704768266,3.574149704768266,1.8297635205817946,0.019078358880002394,0.010426680095756735
Synthetic_Frontal_078,Synthetic_Frontal,0.986392284877685,0.7616931475905707,0.7616931475905707,0.9854018277378315,0.0013003361553467405,0.001319599902032431,0.005994763254626726,-8.225591841086054,8.225591841086054,0.009084412700079404,0.0003756142411290795,0.04134711329048814,2.2068565930070178e-07,-19.5177162787614,19.5177162787614,3.806864174504063e-07,8.19671923438669e-09,0.02153136368226436,0.029710147030681956,-0.8485542282982689,0.8485542282982689,0.07041484352457206,0.04796946987663085,0.6812408786964089,2.0065642550979033,3.203846583664987,3.203846583664987,1.8986520649046594,0.03368207165107002,0.017739991583314987
Synthetic_Frontal_079,Synthetic_Frontal,0.9874180165926388,2.4579731461517165,2.4579731461517165,0.9838414531242357,0.0014550864689245261,0.0014789847127322704,0.006667908943479153,-6.050399056712905,6.050399056712905,0.008922548709448138,0.0003726431494493026,0.04176420454986638,2.2299916978761023e-07,-23.397564198208077,23.397564198208077,3.5246162592560027e-07,5.532159564870648e-09,0.015695733839418215,0.0741829166017084,-0.2933993744693,0.2933993744693,0.08917418431511343,0.05109509091567692,0.572980748941308,1.9024293491992506,-0.6703588811398887,0.6703588811398887,1.9274517054118285,0.037326806455311244,0.019365884162226753
Synthetic_Frontal_080,Synthetic_Frontal,0.986736228256519,2.3451282328915575,2.3451282328915575,0.9825518083842313,0.0017843032254074814,0.0018159889485521213,0.007194624615233351,-4.195333343750018,4.195333343750018,0.009075016056876774,0.0004482102572968117,0.049389472639861834,2.5448956071550757e-07,-16.98948840482904,16.98948840482904,3.2572054387546265e-07,4.191650270723196e-09,0.012868814941899712,0.0006587187660524202,-1.903843758107792,1.903843758107792,0.1674594007624659,0.08761258968030594,0.5231870488062806,1.9470341066252215,0.30198716003923065,0.30198716003923065,1.9355657311442327,0.03797636786675617,0.019620293568788475
Synthetic_Frontal_081,Synthetic_Frontal,0.9856822362227662,1.2652295215814044,1.2652295215814044,0.9842592335249856,0.0011246992519877213,0.0011426860055542755,0.0037556016643207455,-6.04294716460535,6.04294716460535,0.006005081981349296,0.00037224887951382764,0.0619889754391325,2.211467744286457e-07,-9.142180279834156,9.142180279834156,3.149707569961604e-07,1.0261757864715478e-08,0.03257993022161848,0.0218529638971946,-0.9419609672250918,0.9419609672250918,0.057470440295372224,0.03781205128080905,0.6579391263719951,1.7830424275856638,2.638164412268527,2.638164412268527,1.7554761054006618,0.010449053915733728,0.005952262114865375
Synthetic_Frontal_082,Synthetic_Frontal,0.9848748831812995,0.0991653121105398,0.0991653121105398,0.984808341721325,0.0006710154837316876,0.000681366571853111,0.0035235717505477933,-5.623652261463927,5.623652261463927,0.004584834688515008,0.00018871418128319674,0.04116052029416992,2.181597932734063e-07,-8.39203811578286,8.39203811578286,2.6441684871892984e-07,5.5110168435040995e-09,0.02084207579104157,0.05440600545041713,0.1607409535619815,0.1607409535619815,0.049219161439697796,0.03226834167409956,0.6556052709873653,1.7960183545461141,1.44259450075928,1.44259450075928,1.781762975286168,0.009881764592198724,0.005546060126547457
Synthetic_Frontal_083,Synthetic_Frontal,0.9861370563515753,1.5994777523566979,1.5994777523566979,0.982948812379215,0.001993303105381236,0.002027880882784164,0.0130133271840716,-3.184097788450317,3.184097788450317,0.01571656213364316,0.0008489798762440368,0.05401816688477163,3.6904695441549184e-07,-13.317803602784762,13.317803602784762,4.5491611140554574e-07,6.446696598566643e-09,0.01417114554923742,0.015086911996779638,-1.23438781746866,1.23438781746866,0.12125071790120469,0.08600522817934085,0.7093172697641984,2.123020300502259,2.0048910630436265,2.0048910630436265,2.046667666939148,0.038083183155694735,0.01860740938592666
Synthetic_Frontal_084,Synthetic_Frontal,0.9868502522326201,-4.185783186166592,4.185783186166592,0.9881203149489391,0.0003034229571016986,0.0003070708622330782,0.006321158815847661,1.376570856687776,1.376570856687776,0.006234883799086295,6.267386452767495e-05,0.010052130326279298,2.4085718767068197e-07,-7.398985039698387,7.398985039698387,2.585675799170559e-07,2.3926245513879145e-09,0.009253346064535085,0.017013586158838797,-0.22491359840907657,0.22491359840907657,0.020316197580295296,0.014683911709174385,0.7227686997242811,1.9924734402851454,3.5343708378290546,3.5343708378290546,1.9673591029583395,0.007105744834262416,0.0036118189219110112
Synthetic_Frontal_085,Synthetic_Frontal,0.9865069313948067,-6.426405539348357,6.426405539348357,0.9881727869942613,0.00025922042778474404,0.00026232297751586144,0.005068064560670984,-0.48088463858815556,0.48088463858815556,0.005098149963882238,6.256261963097326e-05,0.012271631878608025,2.2286052257909637e-07,-7.279428736908154,7.279428736908154,2.4638288537961046e-07,3.2303473557685956e-09,0.013111033421652193,0.04234730325404669,1.0140165719611633,1.0140165719611633,0.025650760103440914,0.016465749782865715,0.6419205402032122,1.939766324897794,3.626876830937715,3.626876830937715,1.9122001522060146,0.007600526285593635,0.003974754565740042
Synthetic_Frontal_086,Synthetic_Frontal,0.9864650465063136,1.1908437024704788,1.1908437024704788,0.9850882251744028,0.00115617299555241,0.0011736745664039832,0.005052369188419941,-7.244890264817731,7.244890264817731,0.007107272170365992,0.00028363479633088107,0.039907687435075036,2.2163729571833373e-07,-15.642633376989378,15.642633376989378,3.35667132987992e-07,7.288682914732145e-09,0.021713955536532527,0.006623497887767014,-1.5624094914596114,1.5624094914596114,0.09760171683746828,0.058229433093846934,0.596602549422539,1.8044977392878512,-1.393420840210302,1.393420840210302,1.8470890656396262,0.030566017904507203,0.01654821008531388
Synthetic_Frontal_087,Synthetic_Frontal,0.9862167034282653,1.5914099684815115,1.5914099684815115,0.9835745710410615,0.0016602462206099181,0.0016879718828547465,0.006432694248246617,-5.7221126092235455,5.7221126092235455,0.008828437926502362,0.0004186816716385315,0.04742420743926326,2.278956137762571e-07,-20.52087833935111,20.52087833935111,3.545527924681147e-07,6.171112937728308e-09,0.01740529383360998,0.01996096787414422,-1.4879225992525025,1.4879225992525025,0.12620949594972308,0.07140729506189886,0.5657838542495958,1.8764466189735214,-0.5223292552925644,0.5223292552925644,1.8973424186324694,0.04000503407897702,0.021084772936131372
Synthetic_Frontal_088,Synthetic_Frontal,0.9863585108330961,-1.9570827340187256,1.9570827340187256,0.9872123348917594,0.0004362738691955816,0.00044192505885066145,0.004514887039241436,-2.8707596563401316,2.8707596563401316,0.004764902456891808,8.709033312052023e-05,0.01827746399640941,2.1941904390354242e-07,-8.958882859313057,8.958882859313057,2.4683652102015074e-07,3.059367854693729e-09,0.012394257737031704,0.04111677402773753,0.07307160207253528,0.07307160207253528,0.03933291645900014,0.024412460081189327,0.6206623428500588,1.905163429376063,1.5764835284303318,1.5764835284303318,1.8842368331220911,0.01327422448443316,0.007044881116367603
Synthetic_Frontal_089,Synthetic_Frontal,0.9861277616762042,-5.108212665606141,5.108212665606141,0.9883871328917913,0.0004423017126305857,0.0004474984526923839,0.009655067482674922,0.9172399135506263,0.9172399135506263,0.009524534054381735,0.00014231110688440747,0.014941529533824924,2.8153617552807323e-07,-8.668311444320889,8.668311444320889,3.2060249257786466e-07,4.505796658233367e-09,0.014054109710420726,0.0001649358465651226,-1.5599517735585546,1.5599517735585546,0.03192046045100609,0.020356734830616247,0.637733119834645,2.0357668943135088,3.8938384091492844,3.8938384091492844,1.9967905318710604,0.010009753447131365,0.00501292112886116
Synthetic_Frontal_090,Synthetic_Frontal,0.9864917068048867,-2.7776218353802675,2.7776218353802675,0.9880608690720123,0.0005649301299264557,0.0005717564044981023,0.008300720296767785,-1.4956783117595673,1.4956783117595673,0.008553475245219993,0.0001689901798864626,0.019756902898753793,2.622319825554379e-07,-9.884564925335441,9.884564925335441,3.029303624240998e-07,4.116366841746019e-09,0.01358844726015249,0.013265856137697625,-1.2757935008179802,1.2757935008179802,0.05264111683689124,0.030863349493999003,0.5862973916196146,2.0369457988455326,3.5104801890372657,3.5104801890372657,1.9846197450626428,0.014905668444672098,0.0075105916293270085
Synthetic_Frontal_091,Synthetic_Frontal,0.9875017562761319,1.9425084422764907,1.9425084422764907,0.9849097706748262,0.0013343497217059956,0.0013547938719202578,0.005586565975001156,-9.270905554999375,9.270905554999375,0.009093899104364698,0.00037831613096320373,0.04160109174072829,2.179799832430551e-07,-20.898613776341605,20.898613776341605,3.896017405551069e-07,8.211112016077219e-09,0.02107560127625901,0.031942621935095054,-0.7680176245828504,0.7680176245828504,0.07368579538384662,0.05435184312424653,0.737616291449083,2.0183183286717883,3.813001573759159,3.813001573759159,1.8873475381103233,0.03434847534786895,0.01819933777657167
Synthetic_Frontal_092,Synthetic_Frontal,0.9863994962920375,0.35239307291843125,0.35239307291843125,0.985928729491682,0.0013359138875924817,0.0013549801802407032,0.00799335638809343,-4.457925197738114,4.457925197738114,0.009825840551685134,0.00041106211473973444,0.04183480411020942,2.4181620719127453e-07,-18.660763560980385,18.660763560980385,3.406162468029002e-07,5.293533596589601e-09,0.015541002830231701,0.02363007428571764,-1.2687724408961631,1.2687724408961631,0.0905439552316791,0.052739071868104156,0.5824692739849472,2.049953134209412,2.8643693910545927,2.8643693910545927,1.9596545714596614,0.03152476179534945,0.016086897279989472
Synthetic_Frontal_093,Synthetic_Frontal,0.9879575676772974,2.2167188971173903,2.2167188971173903,0.9849275152024416,0.0013669087571632635,0.00138782675482563,0.005488924175697744,-8.4562350508843,8.4562350508843,0.008484247912950594,0.00035421481436746284,0.041749701088417,2.1759732534906863e-07,-19.044738261099596,19.044738261099596,3.639631448428192e-07,7.6843678683899e-09,0.02111298043302715,0.09359205145977359,0.15719555334531057,0.15719555334531057,0.08359397127813567,0.06360281807410924,0.7608541274074384,1.996925783735544,3.2892711350578097,3.2892711350578097,1.8807625216296986,0.03531580624791353,0.018777387278694425
Synthetic_Frontal_094,Synthetic_Frontal,0.985746152872995,0.9769848584324045,0.9769848584324045,0.9849724940915456,0.0007918841052601211,0.0008039657046359283,0.003733673872765721,-7.494865664219538,7.494865664219538,0.005337316659782853,0.00021396551337511644,0.04008859263443682,2.1967549122429956e-07,-11.50150524583074,11.50150524583074,2.929554401095884e-07,6.370335518179466e-09,0.021744992244568738,0.029419454484972112,-0.8038766435850994,0.8038766435850994,0.0626747974570945,0.04136871401438853,0.6600534136875096,1.755667239705151,-2.404538547333012,2.404538547333012,1.7969027631240155,0.017149038206185695,0.009543665109825749
Synthetic_Frontal_095,Synthetic_Frontal,0.9870279815461552,1.1149926397737508,1.1149926397737508,0.9851252832240092,0.0017064671578613847,0.0017322336426844262,0.005655889884067885,-4.307015865257107,4.307015865257107,0.007313678470172124,0.0003849042199193901,0.05262799307305391,2.2074332794478238e-07,-11.856830529646482,11.856830529646482,3.141357518304977e-07,7.875676962886464e-09,0.025070855024107563,0.0011535321230039255,-1.7806215650801986,1.7806215650801986,0.14717414645203467,0.08200541720422969,0.5571998831357161,1.8915228142113372,1.0750452261339245,1.0750452261339245,1.8517313657857204,0.037013743661408235,0.019988722092895313
Synthetic_Frontal_096,Synthetic_Frontal,0.9868821535048626,1.8162635154131255,1.8162635154131255,0.9832331904252908,0.002009049373502171,0.0020433091489020293,0.0066162130884331455,-4.450631589755559,4.450631589755559,0.008730944946823404,0.0004751532027066238,0.054421738488349754,2.277802594702471e-07,-17.892865092477887,17.892865092477887,3.268666182078596e-07,5.536758107798405e-09,0.016938839454807987,0.016745850519336785,-1.6590567988201268,1.6590567988201268,0.15558899689320616,0.08368800059826255,0.5378786563883229,1.9178283874673732,0.29203237273656235,0.29203237273656235,1.9048685110626054,0.04437821835651992,0.023297260728899774
Synthetic_Frontal_097,Synthetic_Frontal,0.9854755545622591,1.235686939632931,1.235686939632931,0.9841648701141736,0.0010606929674591564,0.0010777594279859095,0.003567490705022843,-6.129883975856685,6.129883975856685,0.005571499132731636,0.0003269243642248283,0.0586779888819373,2.1423748937420633e-07,-9.138981442167347,9.138981442167347,2.964229635080099e-07,8.991848344630512e-09,0.03033441776507228,0.04763295308015805,-0.240875257636704,0.240875257636704,0.0566007374199868,0.03722999376346649,0.6577651716188083,1.7678025943013327,0.9730822521022766,0.9730822521022766,1.7575123555906327,0.010574890958596334,0.006016965357285639
Synthetic_Frontal_098,Synthetic_Frontal,0.9864329099220817,-0.2501218729355513,0.2501218729355513,0.9866036655140752,0.0006826895614499446,0.0006919592794068259,0.00487037249760821,-4.1480356031445265,4.1480356031445265,0.005448558425711257,0.00013938788845416425,0.02558252615422509,2.214022626585017e-07,-11.897623051708008,11.897623051708008,2.680962458350931e-07,3.9236480556373025e-09,0.014635167337939545,0.05641280692942926,0.041266250341486795,0.041266250341486795,0.05497298926537354,0.03489092544390779,0.6346921626335906,1.8964129316629939,0.5688457788195815,0.5688457788195815,1.8838806145092122,0.022031133252353178,0.011694548520040387
Synthetic_Frontal_099,Synthetic_Frontal,0.9862649860065907,-1.7480209905277564,1.7480209905277564,0.9880143230298924,0.001000752869120603,0.0010128930783620958,0.008903237917800854,-2.6010083443931236,2.6010083443931236,0.009898190556166116,0.0003825257377236133,0.03864602681817147,2.941746597810933e-07,-11.486406834553224,11.486406834553224,3.926869544762799e-07,8.5754239517308e-09,0.021837756554482737,0.007713937882362872,-1.361673672254215,1.361673672254215,0.08739643007074195,0.05851805304798552,0.6695702902275211,2.004496449633042,2.6442674945293745,2.6442674945293745,1.9405029360740584,0.024200847186879933,0.012471430337451366
Synthetic_Noise_000,Synthetic_Noise,0.9842514342717728,0.04233749425949932,0.04233749425949932,0.984239831444074,0.00027405560625027984,0.00027844392951249265,0.011651701660770937,0.23376446589155225,0.23376446589155225,0.011626372830992198,0.00010835192358416288,0.009319495009312943,8.610310118797955e-07,-0.19868262704668618,0.19868262704668618,8.616289570451389e-07,3.0085493211033e-09,0.003491695357738924,0.03687532248280847,-0.9350085225662214,0.9350085225662214,0.05156603803289879,0.0157118520255144,0.30469379895321125,1.8157179137295563,0.15225887999540957,0.15225887999540957,1.8151045140028725,0.0040286630674674735,0.0022195212652415222
Synthetic_Noise_001,Synthetic_Noise,0.9843245031336726,0.44889626203463495,0.44889626203463495,0.9842091583337408,0.00025695201595153606,0.00026107460368108437,0.022745355309315058,0.5170712548067177,0.5170712548067177,0.022648622986607986,0.0001870773540218534,0.008259987996807192,1.6745479161121444e-06,0.2944777985052833,0.2944777985052833,1.6725747850402165e-06,6.6994408547712845e-09,0.004005463258939982,0.04517429987355988,-0.427325697934645,0.427325697934645,0.05133494286882462,0.014416738858938504,0.280836756660985,1.80929222246462,-1.9025518826594277,1.9025518826594277,1.8166858138879625,0.0038861444404370373,0.0021391395312973815
Synthetic_Noise_002,Synthetic_Noise,0.9843118593529979,0.4980595406326396,0.4980595406326396,0.9841780355354939,0.00026869039961768045,0.0002730099533985355,0.02671124133871978,-0.42771406148377045,0.42771406148377045,0.026816761752548223,0.0002467078426990913,0.009199762632281599,1.9705421720399555e-06,0.2665868259336799,0.2665868259336799,1.9686573007636946e-06,7.069384178435603e-09,0.003590965570659572,0.06260254002487738,0.8017464772588927,0.8017464772588927,0.051822979961782485,0.013445098130206447,0.2594427827165142,1.8108219412506876,-1.1207143678217268,1.1207143678217268,1.8152896247959363,0.003986460486637205,0.002196046532840809
Synthetic_Noise_003,Synthetic_Noise,0.9841955372314185,-0.21754229828534327,0.21754229828534327,0.9842445583347811,0.0002253405591989149,0.0002289477318319484,0.021458010834265854,0.8798609508714248,0.8798609508714248,0.02130436935614368,0.00017462017957512946,0.008196449124957395,1.5812459979345807e-06,0.758496287041123,0.758496287041123,1.5769731113607141e-06,5.632365181700442e-09,0.003571628184080002,0.05758113929227904,0.5360696422539121,0.5360696422539121,0.05028381292107911,0.013612646185264563,0.27071626820263245,1.8219038457925003,1.6133658368765638,1.6133658368765638,1.8152186394218999,0.004143639474807193,0.002282721973439272
Synthetic_Noise_004,Synthetic_Noise,0.9840748606115605,-0.5907462684744864,0.5907462684744864,0.9842196191740201,0.0002450435484640944,0.0002489724281959464,0.02325663357649144,1.320000040538507,1.320000040538507,0.02299487169332088,0.00019830444985726809,0.008623855461922148,1.6922623612796465e-06,0.0976264982339747,0.0976264982339747,1.6916491855347525e-06,6.279833134303686e-09,0.0037122527978906876,0.03341637551919547,-1.3339843403439766,1.3339843403439766,0.05392911913290549,0.015377049783872793,0.28513445112447927,1.8052044504833415,-1.9989625370919406,1.9989625370919406,1.8139906482370534,0.00439537889714275,0.002423043857151096
Synthetic_Noise_005,Synthetic_Noise,0.9842432284004867,0.05598450794647574,0.05598450794647574,0.9842302444515613,0.00023192038915281768,0.0002356363162583102,0.020864829254852675,0.5946784677224157,0.5946784677224157,0.020764725847113533,0.00016833198539683734,0.008106631728640436,1.543566179093236e-06,1.7493296367068596,1.7493296367068596,1.5343814740696945e-06,5.249414119109012e-09,0.003421190092966725,0.03269178106922438,-1.1260801176391515,1.1260801176391515,0.04981739379906911,0.015208165440859416,0.3052782227407151,1.8200239076105202,1.1306856688431004,1.1306856688431004,1.8155834213936226,0.003927250816144492,0.0021630792448676427
Synthetic_Noise_006,Synthetic_Noise,0.9839387842278774,-1.2963658743327569,1.2963658743327569,0.984208045123799,0.0002077043988556329,0.00021103708701069974,0.012559706996298782,1.9000759293697282,1.9000759293697282,0.01238547709718478,9.169628145950955e-05,0.007403532438241607,9.15607375627973e-07,-0.2669000019898192,0.2669000019898192,9.164577633467667e-07,3.185166026428768e-09,0.003475514833637501,0.04816635086128657,-0.3218045763002704,0.3218045763002704,0.053255735543185266,0.015815140791621527,0.29696596300881073,1.8123163871654906,-0.7420479416580983,0.7420479416580983,1.815437057008759,0.004205482782626238,0.0023165125810272755
Synthetic_Noise_007,Synthetic_Noise,0.9837907009185494,-1.936778664962357,1.936778664962357,0.984207324323883,0.00021511152045088186,0.00021856321847476355,0.020918876193093457,1.9970272927290476,1.9970272927290476,0.020559479751894948,0.0001799657122914667,0.008753417618270521,1.5130784146950037e-06,-0.2042542853713661,0.2042542853713661,1.5141511708409163e-06,5.251061879446715e-09,0.003467988211865408,0.07693776831382992,1.6893558818446741,1.6893558818446741,0.05254977897398441,0.014436265087925672,0.2747160001338513,1.8024934730563673,-2.799615861349819,2.799615861349819,1.814007820631381,0.004112831239162393,0.0022672621321602787
Synthetic_Noise_008,Synthetic_Noise,0.9843427800344404,0.751344012732722,0.751344012732722,0.9841502536081252,0.0002562427094661897,0.00026036950000925523,0.0098619553540199,-0.7872747607946503,0.7872747607946503,0.00993051076621597,8.707939695614803e-05,0.008768873927776914,7.350051477374087e-07,1.84799520939157,1.84799520939157,7.300814821149872e-07,2.6633281310466675e-09,0.003647982517442729,0.035211191002741754,-1.12278846053178,1.12278846053178,0.052781765858596,0.01564905186717862,0.29648594760558855,1.816332060062488,0.1092061183151136,0.1092061183151136,1.8159302372600075,0.0036794898360163635,0.0020262286295569306
Synthetic_Noise_009,Synthetic_Noise,0.9843907659974295,0.6065125760922443,0.6065125760922443,0.9842510802185593,0.00023030978048900046,0.0002339949481565463,0.02891974605590443,0.20821967708125733,0.20821967708125733,0.028869952483166827,0.00023913961075807313,0.008283339256939363,2.137781170067546e-06,0.5096552751097534,0.5096552751097534,2.134372260586959e-06,6.687657308320346e-09,0.003133311980530163,0.05059159314845966,-0.10755760757022435,0.10755760757022435,0.052047419857418814,0.013535320668982794,0.2600574765435451,1.807749556919539,-1.4810399539140013,1.4810399539140013,1.8142479149734596,0.004387699356297665,0.002418467355030381
Synthetic_Noise_010,Synthetic_Noise,0.9842091095348197,-0.05756338315815224,0.05756338315815224,0.9842221454945954,0.00022646270950361762,0.0002300930847167481,0.02223756360866257,0.27652697995437114,0.27652697995437114,0.022185125884255526,0.00018962968510041699,0.008547604646518906,1.63969365269254e-06,1.2408353674792,1.2408353674792,1.6326206999638677e-06,5.699154036583725e-09,0.003490798901368183,0.033926648817492175,-1.211780132222761,1.211780132222761,0.052138173240708074,0.015028736598114403,0.2882482385495648,1.8191123407823566,1.1585417682404664,1.1585417682404664,1.8142472315315703,0.0041993386712476065,0.002314645213872119
Synthetic_Noise_011,Synthetic_Noise,0.9843001002124802,0.2925856260199306,0.2925856260199306,0.9842255230862321,0.00025488991708145776,0.000258975114038845,0.01626991376186509,0.04296548095435234,0.04296548095435234,0.016263822961088567,0.0001417603294148456,0.008716298114243678,1.206685436569236e-06,1.0115241501700944,1.0115241501700944,1.2025025104465343e-06,4.134270642819779e-09,0.0034380528679575913,0.052925326294144884,0.12262182378327838,0.12262182378327838,0.05115772519034581,0.014415061276535144,0.28177682300411777,1.8151461379083191,-0.7232115738632982,0.7232115738632982,1.818233780391446,0.004269348824037457,0.002348074747085584
Synthetic_Noise_012,Synthetic_Noise,0.9845769831879805,1.2535697547302118,1.2535697547302118,0.9842612935343567,0.0002518325375824031,0.00025585943411210324,0.011243540606080904,-0.07588742308191439,0.07588742308191439,0.01125131917228094,0.00010250138703158624,0.009110166146117453,8.31532924925657e-07,0.9502315774514808,0.9502315774514808,8.286735095529868e-07,3.008177384253166e-09,0.003630107297346303,0.0494365098000021,-0.17333078279656322,0.17333078279656322,0.052000295725473676,0.014791290294392398,0.2844462726172932,1.80832639797814,-1.82351859454663,1.82351859454663,1.8149271743030138,0.003619802037001575,0.0019944613140688095
Synthetic_Noise_013,Synthetic_Noise,0.9842916045734745,0.18740689029795135,0.18740689029795135,0.9842479490758897,0.0002329449964618127,0.0002366730829160356,0.02958220825999145,0.11615944546729723,0.11615944546729723,0.02955316732526249,0.0002500092394206415,0.0084596428078445,2.2056854748332347e-06,1.921929435106966,1.921929435106966,2.191661960319336e-06,7.295581371687237e-09,0.003328788004257843,0.049855735903549345,-0.10167493610916281,0.10167493610916281,0.0513641161969829,0.014835320788521683,0.28882655609879404,1.8119488239346082,-0.46045152302780845,0.46045152302780845,1.813693558062563,0.0037891809240231705,0.0020892068051831135
Synthetic_Noise_014,Synthetic_Noise,0.9845925190662389,1.3495002768765931,1.3495002768765931,0.9842416822583602,0.0002599753497948425,0.00026413771584846954,0.011433097894223096,-1.5328386729067662,1.5328386729067662,0.011587910572299139,0.00010099737126910282,0.008715753425110212,8.613066688120102e-07,-0.19017489325789305,0.19017489325789305,8.619009314781655e-07,3.123821873039893e-09,0.0036243356221310756,0.02748039623621195,-1.5446138126112832,1.5446138126112832,0.05128811177281876,0.015413377337869004,0.300525342126889,1.8172417276974446,0.4262075925061326,0.4262075925061326,1.8155257971194925,0.004026044133648945,0.0022175637162713062
Synthetic_Noise_015,Synthetic_Noise,0.9838680149666416,-1.5419241192227537,1.5419241192227537,0.9842248817322995,0.00023144249426223444,0.00023515204559210648,0.013925037551439102,1.6889370188168442,1.6889370188168442,0.013726935400360215,0.00011729398265468042,0.008544804737921156,1.0174813226863148e-06,1.3486010604180354,1.3486010604180354,1.0131789499667406e-06,3.1892486553292334e-09,0.003147761318642287,0.07679468257202716,1.7629028195772807,1.7629028195772807,0.05305000736533026,0.013469077785369722,0.25389398520457634,1.8229452938885116,1.7370489858040161,1.7370489858040161,1.8155407269795862,0.00426272774556267,0.0023479108357166868
Synthetic_Noise_016,Synthetic_Noise,0.9843630605781513,0.5880108159814548,0.5880108159814548,0.984200334993869,0.0002767390994714794,0.00028118167575397353,0.01630231439950221,0.1768435384340198,0.1768435384340198,0.016273904870689904,0.00016064781833158442,0.009871497934773325,1.201177412059722e-06,0.785677131200711,0.785677131200711,1.1981162018854393e-06,3.895269921468084e-09,0.003251159331773403,0.044074546105379066,-0.45229681278908584,0.45229681278908584,0.05093845086681568,0.015175664667318975,0.2979215977081741,1.8111346876338852,-1.5620145982129607,1.5620145982129607,1.8169903273534045,0.0037487740029168055,0.002063177743150201
Synthetic_Noise_017,Synthetic_Noise,0.9840193634314583,-1.043176553370609,1.043176553370609,0.984257747323267,0.00022851730130936764,0.00023217221498189727,0.01042186962880076,0.5185788063184467,0.5185788063184467,0.010379531310276474,8.16429778653709e-05,0.007865767289190868,7.635584557337736e-07,-1.6003639383858652,1.6003639383858652,7.680103960747073e-07,2.7808299538940716e-09,0.003620818607779578,0.05694805491190951,0.4615794497329422,0.4615794497329422,0.050376415432346416,0.014237287823155243,0.2826181200207219,1.8156903415357053,0.585780314048374,0.585780314048374,1.8132370669118085,0.004188045525729975,0.0023097065475616383
Synthetic_Noise_018,Synthetic_Noise,0.983749052209898,-2.1007031145000314,2.1007031145000314,0.9842534874083495,0.00024012683794726085,0.0002439684908603148,0.028011823429730437,3.196910326593569,3.196910326593569,0.027295068690377323,0.00022420232753914398,0.008214023202292612,2.00391713247247e-06,-1.4988506393126144,1.4988506393126144,2.0140631615378803e-06,6.7682062166135365e-09,0.003360471997796502,0.04016565278418103,-0.7934653188263496,0.7934653188263496,0.05130484796916186,0.014038666744330873,0.2736323622378835,1.814449713334933,-0.18479342476851374,0.18479342476851374,1.815280250564176,0.004494408987216826,0.0024758761000223074
Synthetic_Noise_019,Synthetic_Noise,0.9839729695648711,-1.0944161746058496,1.0944161746058496,0.9842275695575805,0.00023263544300837691,0.0002363634693881948,0.015383147665880646,2.0615995932982294,2.0615995932982294,0.015125472824873466,0.00012498782003218282,0.008263399198891823,1.1074791474094609e-06,-2.191167728976956,2.191167728976956,1.1154880596410908e-06,3.654088620426728e-09,0.003275772710493846,0.059559058643897614,0.5180068112638283,0.5180068112638283,0.05156446055641192,0.015433384104472559,0.2993027355980776,1.8122124516417786,-0.6375582012544189,0.6375582012544189,1.8149296844996947,0.004261936952473246,0.002348265604375603
Synthetic_Noise_020,Synthetic_Noise,0.984164413722849,-0.2730383008780353,0.2730383008780353,0.9842288087409695,0.00023584609792977934,0.00023962527395559092,0.02737680690640479,0.341086204437788,0.341086204437788,0.027298613213080178,0.0002292490636272261,0.008397828191103246,2.0109042204877586e-06,-0.3886875612529048,0.3886875612529048,2.01361339248865e-06,6.96905068070225e-09,0.0034609658665029296,0.0669861415409942,1.0874690874100075,1.0874690874100075,0.0504284310431314,0.015225913718807717,0.3019311408971474,1.8173679658843511,0.43715471301362685,0.43715471301362685,1.8153806293914787,0.004546071295297489,0.0025041973136062613
Synthetic_Noise_021,Synthetic_Noise,0.9839674606614012,-1.1020365820424363,1.1020365820424363,0.9842215907823075,0.00023060043917356743,0.00023429727749626038,0.02495203829712546,1.0728351938919414,1.0728351938919414,0.02473815090441648,0.0001993664943636137,0.008059070183776829,1.827446987999062e-06,0.5993238565965406,0.5993238565965406,1.823787921689927e-06,6.1043239727754085e-09,0.003347056175294194,0.035471275590332134,-0.864357808535201,0.864357808535201,0.04927374142144569,0.01596846316878861,0.3240765305781,1.812306263067644,-0.8370866534356389,0.8370866534356389,1.8155063098697823,0.003822838159188512,0.002105659527815467
Synthetic_Noise_022,Synthetic_Noise,0.9838677028915545,-1.5896071864450756,1.5896071864450756,0.984212582238384,0.00021695884881550538,0.00022043901158208908,0.02796581393536178,0.9634974761067148,0.9634974761067148,0.027759866220705115,0.00021375013303133697,0.007699969853032226,2.0535321154870965e-06,0.570931775669808,0.570931775669808,2.0496139961995527e-06,6.861675112008154e-09,0.003347787328220785,0.049607815536449974,-0.08663444031578812,0.08663444031578812,0.05105895023207957,0.01675009026725955,0.328053949225295,1.8212649851340381,1.1850688870257577,1.1850688870257577,1.815765681195294,0.004640493052991185,0.002555667342458998
Synthetic_Noise_023,Synthetic_Noise,0.9841477981728777,-0.3881501663518388,0.3881501663518388,0.984241516157919,0.000241447750838315,0.00024531351997890123,0.013299302511870848,0.4955753735161739,0.4955753735161739,0.013245495962883649,0.00010857389484440958,0.008197042612859258,9.79577133275421e-07,0.3397851250836051,0.3397851250836051,9.785105417442098e-07,3.1380177275973827e-09,0.003206929702641856,0.0677258689756859,1.0502940915238463,1.0502940915238463,0.051563591050484824,0.015388335566756665,0.2984341325527898,1.8181358060241597,1.1365614296047941,1.1365614296047941,1.8133989283558838,0.004167726920652635,0.0022982956786177225
Synthetic_Noise_024,Synthetic_Noise,0.9843852893462889,0.8906428976284878,0.8906428976284878,0.9841803755968921,0.00023007397134337,0.00023377215909593755,0.015259164044787072,-0.20875048239518515,0.20875048239518515,0.015285899456983752,0.00012807353392034937,0.008378540907742081,1.1332846046910938e-06,1.361472219727332,1.361472219727332,1.1278996365926812e-06,3.95425374692631e-09,0.003505852925903002,0.04865321670049989,-0.21647704919190947,0.21647704919190947,0.05163103043042981,0.013755794163073489,0.26642493957857954,1.817353374239219,0.5514069810373822,0.5514069810373822,1.8147984391658973,0.0046334833628031095,0.002553166931822004
Synthetic_Noise_025,Synthetic_Noise,0.9844586556581075,1.0039745016225605,1.0039745016225605,0.9842202031838013,0.00023750849540188433,0.00024131641946928083,0.019119224530940584,-0.18777760612953914,0.18777760612953914,0.019149791762181186,0.00016278421949706413,0.00850057387099348,1.4197701400410744e-06,1.1138245507310156,1.1138245507310156,1.4143610747422308e-06,4.855299221716298e-09,0.0034328545062276097,0.05471464588004572,0.18024154504049847,0.18024154504049847,0.052194047136341674,0.013984560235307869,0.267934007847856,1.8123077224524418,-0.3959475985976792,0.3959475985976792,1.8141391692326925,0.004625477680231343,0.0025496818318437955
Synthetic_Noise_026,Synthetic_Noise,0.9839347530098406,-1.0329612520662756,1.0329612520662756,0.984202677159323,0.000259374829320558,0.00026353802457530485,0.027466674787001922,1.4131212057444675,1.4131212057444675,0.027127486892570687,0.0002400274595266733,0.008848127379744886,1.997029524764379e-06,-0.9256351624336451,0.9256351624336451,2.004022083332383e-06,7.553335500413798e-09,0.0037690860765205165,0.04835804175469038,-0.21386824039069233,0.21386824039069233,0.05153937720565423,0.014875212163051188,0.2886183917862837,1.811440009944822,-0.755526467452365,0.755526467452365,1.814411870253653,0.003933495960897947,0.002167917894158111
Synthetic_Noise_027,Synthetic_Noise,0.9840395532336291,-0.6426810936872862,0.6426810936872862,0.9841923945353692,0.00023781826258573586,0.00024163798044564923,0.01322961692498747,-0.1270728380342792,0.1270728380342792,0.013244768279015693,0.00011923361542506069,0.009002317964668794,9.68531974905993e-07,-1.7152423315124554,1.7152423315124554,9.748252698417335e-07,3.6680412894551136e-09,0.003762764097494657,0.012986580205182889,-2.540968051784945,2.540968051784945,0.0517730325212772,0.01526443919131811,0.29483378600142923,1.8149314754273296,0.01291934065366839,0.01291934065366839,1.8148771278126277,0.004206686404972185,0.0023178904734118045
Synthetic_Noise_028,Synthetic_Noise,0.9842454772816628,-0.025073483684174915,0.025073483684174915,0.9842514785651428,0.0002393478118385553,0.00024317749787608866,0.025115841391082413,-0.07733521723705075,0.07733521723705075,0.025131428010675253,0.00020154620459303044,0.008019687719273198,1.8525222143726288e-06,-0.12578945358176305,0.12578945358176305,1.8532616631296925e-06,5.877463861702118e-09,0.0031714143810443827,0.03024997244040408,-1.3301635748679688,1.3301635748679688,0.0505759802367507,0.015280833259198217,0.30213617585591285,1.8096499047102972,-0.9359238687067273,0.9359238687067273,1.8135489792282613,0.004166016753495121,0.0022971625256383386
Synthetic_Noise_029,Synthetic_Noise,0.9843572798686084,0.33435514187169924,0.33435514187169924,0.9842752644155927,0.0002452944262268852,0.0002492132385062811,0.022813298710308405,0.007262577158511111,0.007262577158511111,0.022811883689631732,0.00019483726486161444,0.00854104235774397,1.6846554569943683e-06,-0.9609569468212893,0.9609569468212893,1.6907109664253788e-06,6.300540824530454e-09,0.0037265607327849563,0.044724358485533265,-0.3616931329808914,0.3616931329808914,0.05009330837169882,0.014843936465024092,0.29632573585645094,1.8122569970513123,-0.5816113932179788,0.5816113932179788,1.8145734834397134,0.003982876564715611,0.0021949381499631847
Synthetic_Noise_030,Synthetic_Noise,0.9841177259053993,-0.36041890487763395,0.36041890487763395,0.9842132633355238,0.0002650733035121966,0.0002693250674285643,0.02204456661433762,0.6630020356456393,0.6630020356456393,0.021907252088595987,0.0002071102616523842,0.009453958935851353,1.6209264216884578e-06,0.6537255128585547,0.6537255128585547,1.6172730661307674e-06,5.5875161062712505e-09,0.003454897486632586,0.046607130856172525,-0.410251757802821,0.410251757802821,0.05257492829613961,0.0145466712233446,0.27668456609452047,1.808205910948981,-1.3167373398418676,1.3167373398418676,1.8140565762937764,0.004443304800774681,0.002449374985784712
Synthetic_Noise_031,Synthetic_Noise,0.984126842242998,-0.4096719029813724,0.4096719029813724,0.984223820962481,0.0002367228954867725,0.00024051734010566684,0.011951575499083777,0.8625742801087913,0.8625742801087913,0.011859144545885937,0.00010715709297940963,0.009035819789172546,8.730048320373228e-07,-0.004438743811519129,0.004438743811519129,8.730173168578894e-07,2.811692305924768e-09,0.003220656716624718,0.04633203277953592,-0.508876058317247,0.508876058317247,0.05360210096414601,0.014286520391904275,0.2665291123792681,1.804797837162468,-2.3718156170283144,2.3718156170283144,1.8144101725698516,0.004052732993239681,0.0022336366134330767
Synthetic_Noise_032,Synthetic_Noise,0.984192621668115,-0.20189667820886212,0.20189667820886212,0.9842383046671458,0.000226269194887806,0.00022989269348148045,0.020792814746648302,0.08578789479879652,0.08578789479879652,0.02077835657497924,0.0001685339361361477,0.00811103301263878,1.5327176758645964e-06,-0.9426907729003172,0.9426907729003172,1.5373852351623027e-06,4.950315353756943e-09,0.0032199555586851832,0.05750905560183314,0.4794522947497836,0.4794522947497836,0.050987135040917064,0.013602856075264553,0.2667899670001364,1.8133926984135051,-0.38394706705243065,0.38394706705243065,1.8149229158042142,0.003985490505429781,0.0021959558010548157
Synthetic_Noise_033,Synthetic_Noise,0.9844311031425567,0.9569022272434806,0.9569022272434806,0.9842161559013043,0.00022462821610799477,0.0002282305718727624,0.02806780228860734,-1.1729140030783578,1.1729140030783578,0.02834114253614838,0.00023304372328298084,0.008222806225173065,2.096420522360437e-06,0.697511394013534,0.697511394013534,2.091580445500619e-06,6.938064940527975e-09,0.00331713830960446,0.02005308112780061,-2.2815227320684,2.2815227320684,0.0534460751930427,0.014636274972674454,0.27385125885363176,1.8063262834442286,-1.9090809497471768,1.9090809497471768,1.8140147241053244,0.00402729945013849,0.0022201029554060215
Synthetic_Noise_034,Synthetic_Noise,0.9838617401868848,-1.675379906846926,1.675379906846926,0.984287620247046,0.0002541990964230481,0.0002582569273389708,0.024330852980412855,1.1193292364875205,1.1193292364875205,0.02407543187780462,0.00022819121770679767,0.009478177540303702,1.7747342567465726e-06,-1.2407081860572606,1.2407081860572606,1.7825952080086061e-06,6.334858302840874e-09,0.0035537258939408053,0.041047807801079375,-0.7126740087169091,0.7126740087169091,0.05116204655589024,0.01419195681389835,0.2773922813685226,1.8153188015326276,0.14686481340448784,0.14686481340448784,1.8147439032619597,0.0039144724811497325,0.0021570385078089546
Synthetic_Noise_035,Synthetic_Noise,0.9845939346939852,1.6207303312612447,1.6207303312612447,0.9842082864111916,0.00023794722276388017,0.00024176510810662553,0.02731312030271685,-1.0954670865044165,1.0954670865044165,0.027573167675435436,0.00023738492450094167,0.00860927287305533,2.029027324743875e-06,0.4436196729217921,0.4436196729217921,2.0257817599946074e-06,7.3150974306918584e-09,0.0036109979683662287,0.0413043741642183,-0.790985871800332,0.790985871800332,0.05308104138531115,0.01488859364010821,0.2804879718118674,1.812725384083891,-0.4440461635925889,0.4440461635925889,1.8145829864247744,0.004183354103119083,0.0023054079832188503
Synthetic_Noise_036,Synthetic_Noise,0.9837858429390356,-1.7050615364719957,1.7050615364719957,0.9842007388469922,0.00024333192519845328,0.00024723810457943115,0.019372996767851154,1.2603271760130539,1.2603271760130539,0.019179916988621443,0.00015319813905796773,0.007987424509754952,1.4189532104171129e-06,-0.022712007666960916,0.022712007666960916,1.4190773164273571e-06,5.463334640251137e-09,0.0038499176380945048,0.06718156790928839,1.0972506705732994,1.0972506705732994,0.05124762043242516,0.014521702199043269,0.2833634435360398,1.813675454613262,-1.160144682658694,1.160144682658694,1.8180264495080443,0.0037503898941732903,0.002062890721521724
Synthetic_Noise_037,Synthetic_Noise,0.9842106570610853,-0.19578900780384587,0.19578900780384587,0.9842575133692631,0.00023932042205839925,0.00024314817901559716,0.028079522183128383,0.03330459085229955,0.03330459085229955,0.02807126885641932,0.0002478134835032169,0.008828011471869006,2.055460463573335e-06,-3.0264125250216356,3.0264125250216356,2.074586986787212e-06,6.318866527032856e-09,0.003045841664598907,0.046357162540258415,-0.332513074422461,0.332513074422461,0.051236424043407974,0.014673893684607118,0.2863957420582058,1.8137532593255936,-0.34835605218818494,0.34835605218818494,1.8151480446334007,0.004003907205565906,0.0022058295561078354
Synthetic_Noise_038,Synthetic_Noise,0.9845347131460075,1.0554496892869865,1.0554496892869865,0.984236859892022,0.0002822050695104422,0.00028672475194752966,0.02772253342395331,-0.856632136820358,0.856632136820358,0.027957966487326624,0.0002748356644551775,0.009830316685225675,2.0737525250773354e-06,0.7373611383434743,0.7373611383434743,2.0689422131565244e-06,6.52268516683374e-09,0.0031526651506699767,0.06787208242126552,1.060209895602008,1.060209895602008,0.05236127702079742,0.01462993833933285,0.2794037726246167,1.8120113924156394,-0.6612291264385869,0.6612291264385869,1.815196881491105,0.004817526856328379,0.002653996877941051
Synthetic_Noise_039,Synthetic_Noise,0.9844026075755185,0.8458511949422551,0.8458511949422551,0.9841920756597322,0.0002488994709699026,0.0002528972515886243,0.016562096108294937,-0.24344430462634814,0.24344430462634814,0.016596921158715014,0.0001430514064811814,0.008619153221526645,1.221540583086925e-06,0.5998826530823762,0.5998826530823762,1.219004744597978e-06,4.226224234468323e-09,0.0034669436573181284,0.06637024234024645,0.9975012622979087,0.9975012622979087,0.05225971251848133,0.014145876656097347,0.27068416518410926,1.8195612375610304,0.6741468774493267,0.6741468774493267,1.8166329190127481,0.004343739688727109,0.0023910937885488334
Synthetic_Noise_040,Synthetic_Noise,0.9842251401617869,0.019438915546316684,0.019438915546316684,0.98422022380996,0.0002529128641828755,0.00025696775789018196,0.026378023741949544,0.2968323497518395,0.2968323497518395,0.026311364315369613,0.00022456927736760548,0.008535067762635545,1.9580084825979568e-06,1.7121942549818387,1.7121942549818387,1.945879566056769e-06,7.082843732039824e-09,0.003639916989557513,0.038163747604911896,-0.7890440903288061,0.7890440903288061,0.050970978010941054,0.016231324158201547,0.3184424704269753,1.8188421266327612,0.694217537374106,0.694217537374106,1.815557464522429,0.004731459424177434,0.002606064262151795
Synthetic_Noise_041,Synthetic_Noise,0.9841165849587235,-0.30542834461265667,0.30542834461265667,0.9841925043905946,0.0002485670793324119,0.00025255941111446524,0.026856744268040217,-0.18770956476677478,0.18770956476677478,0.026899485819055765,0.0002277004418019082,0.008464862240308657,1.9802577471705717e-06,-0.8598016940126035,0.8598016940126035,1.9862192641673747e-06,6.932595314265072e-09,0.003490345677835093,0.0705591361261632,1.1456895741931716,1.1456895741931716,0.05392731634826136,0.014516864036638169,0.2691931477290545,1.8181288820344312,1.3962718222234312,1.3962718222234312,1.812412577614671,0.004093976779722873,0.002258854760933477
Synthetic_Noise_042,Synthetic_Noise,0.9840538101362648,-1.0241672990838386,1.0241672990838386,0.9842869737220151,0.00022766161830662363,0.0002312959780880826,0.016232894811773712,0.5807151542322596,0.5807151542322596,0.016154417065143152,0.000135139827982614,0.00836550321991151,1.2066083444370512e-06,1.4965363313522912,1.4965363313522912,1.200671253971378e-06,3.966221069941115e-09,0.0033033336589750684,0.04623414948487885,-0.3311514641904978,0.3311514641904978,0.05118196236975234,0.01494123813294108,0.2919239013289411,1.810849040338258,-0.6418545025133844,0.6418545025133844,1.813705693277737,0.004450623821521724,0.0024538842426392138
Synthetic_Noise_043,Synthetic_Noise,0.9839127836463251,-1.3428777081103662,1.3428777081103662,0.9842564536990892,0.0002559205870688426,0.0002600141315881315,0.02920417262749009,1.5596738033488082,1.5596738033488082,0.02881964195362469,0.00024654557349113276,0.008554775728279635,2.123423181812091e-06,-0.40539770848427514,0.40539770848427514,2.1264432847946926e-06,7.448728795688672e-09,0.0035029033438361843,0.05892865949507043,0.4339845250009415,0.4339845250009415,0.05215907459176268,0.01559867809309348,0.29905971712270124,1.811171025445108,-0.7271446301167037,0.7271446301167037,1.814072464107558,0.0039901809647650815,0.002199570879174262
Synthetic_Noise_044,Synthetic_Noise,0.9843365611396467,0.3168652526879159,0.3168652526879159,0.9842557739881694,0.00025495743214231406,0.0002590357495277641,0.010887417175234896,-0.38875857101843897,0.38875857101843897,0.0109257344365969,9.856312845493122e-05,0.009021190201709684,8.119115385856926e-07,1.6519658622158726,1.6519658622158726,8.075509724093806e-07,2.6386224498628366e-09,0.003267433601815553,0.057375417656151374,0.3441337202200955,0.3441337202200955,0.051791344022111864,0.016226464614173833,0.3133045670128348,1.8067129663037964,-1.466148963165634,1.466148963165634,1.8138232287434977,0.004849618024407963,0.0026736993702328963
Synthetic_Noise_045,Synthetic_Noise,0.9839110202361421,-1.395491817624639,1.395491817624639,0.9842099163959914,0.0002141869659706271,0.0002176232553668282,0.021185816730148556,0.8576572527019168,0.8576572527019168,0.021041029969212467,0.00016881657517884186,0.008023208722093618,1.555839426795652e-06,0.5778566711399512,0.5778566711399512,1.552996635498919e-06,4.918543960831781e-09,0.0031671290724480977,0.0642324319870575,0.657490613793337,0.657490613793337,0.053700036805177744,0.016019080668629615,0.2983066981210477,1.8072638112737396,-1.5958702752810203,1.5958702752810203,1.8138550714893031,0.0041301979967055995,0.0022770275650039326
Synthetic_Noise_046,Synthetic_Noise,0.9841623440378575,-0.37913284974132555,0.37913284974132555,0.9842456268786485,0.00021966664315330105,0.00022318274743034387,0.02884844815461956,1.5509124075169642,1.5509124075169642,0.02849327869394686,0.0002290067816856401,0.008037221133356384,2.1119865511331505e-06,1.2037453755285752,1.2037453755285752,2.1033891472362563e-06,7.141211361035546e-09,0.003395095945665963,0.0733624554353699,1.3113504343636497,1.3113504343636497,0.05130619382312296,0.016819502272585656,0.3278259605505471,1.8170884534319114,0.4569191209981738,0.4569191209981738,1.8152056365883709,0.004120678598370871,0.0022700891377316914
Synthetic_Noise_047,Synthetic_Noise,0.9845476186225092,1.2140041772150194,1.2140041772150194,0.9842307750458787,0.00026099051499416624,0.0002651720730656236,0.011535265162595721,-0.733019607252697,0.733019607252697,0.011610545239115205,0.00010269858410555819,0.008845285211130977,8.544525750872104e-07,-0.2255364062352305,0.2255364062352305,8.551617654939795e-07,3.143460881537299e-09,0.003675862664251405,0.0635332353918181,0.8558403295835035,0.8558403295835035,0.05235474358908018,0.013061422108166031,0.24947924891835055,1.813837348178687,-0.38805874873167034,0.38805874873167034,1.8154637026070437,0.004191000546397427,0.002308501426041597
Synthetic_Noise_048,Synthetic_Noise,0.9845450488605003,1.3250231553161673,1.3250231553161673,0.9842015016769499,0.00025927636120702687,0.00026343829059901925,0.01098772367112193,-0.7749384811161214,0.7749384811161214,0.011067630571671552,0.00010311386222503241,0.009316706186384962,8.149918829040685e-07,0.5095386951014406,0.5095386951014406,8.135225997006848e-07,2.882555689703182e-09,0.0035432969501606893,0.05164282666417174,-0.15281597809413885,0.15281597809413885,0.053894516470396205,0.01473464904752659,0.2733979263984455,1.8198895473728007,1.2633707056814876,1.2633707056814876,1.8151260591518141,0.0037704596111825376,0.00207724394246334
Synthetic_Noise_049,Synthetic_Noise,0.9839632350729212,-1.225955702776201,1.225955702776201,0.9842389878932538,0.00022492886038398427,0.0002285307360819063,0.02595441191987896,0.8635339182973694,0.8635339182973694,0.025766007392490357,0.00021817849019358513,0.008467687168664974,1.8947293963034864e-06,-0.2039669133985551,0.2039669133985551,1.89621130237143e-06,7.26442380453602e-09,0.003831018180533387,0.05317745765854835,0.12059672119814019,0.12059672119814019,0.051314836772432024,0.015445037539084078,0.30098580664453484,1.8145234680492146,0.02313831393151408,0.02313831393151408,1.8144184612639966,0.004538221129924623,0.002501198718381985
Synthetic_Noise_050,Synthetic_Noise,0.9839403294287759,-1.1645859436659072,1.1645859436659072,0.9841907291157642,0.00021501177065178051,0.0002184655517378599,0.02136454853057377,1.2833376641022913,1.2833376641022913,0.02114245091419826,0.00017306249267415733,0.008185545439755582,1.545604078929895e-06,-1.1415831295392516,1.1415831295392516,1.5523577489488001e-06,5.915056259197614e-09,0.0038103668132144527,0.030570832398646747,-1.3636021095551407,1.3636021095551407,0.051165677457852,0.015103265764644847,0.2951835393324179,1.812583188162354,-0.3381808846370213,0.3381808846370213,1.8139770516149836,0.0041216506183886946,0.0022721624921974164
Synthetic_Noise_051,Synthetic_Noise,0.9844090829430392,0.9566057265790988,0.9566057265790988,0.9842018854302033,0.0002165965623269708,0.00022007330562273254,0.014923844167355304,-0.38898641823689156,0.38898641823689156,0.01496627277174624,0.00010907476974199109,0.007288038337816315,1.1052316657901983e-06,0.9230285777814873,0.9230285777814873,1.101792252107813e-06,3.7252266469062797e-09,0.0033810577799234494,0.06491204595344166,0.8729952282444812,0.8729952282444812,0.052090422100744466,0.01468693463262954,0.2819507702191894,1.8124342256609203,-0.4596124474474954,0.4596124474474954,1.8144601249978267,0.004407842624145344,0.002429286024760778
Synthetic_Noise_052,Synthetic_Noise,0.9842425120331878,0.08720703790871415,0.08720703790871415,0.9842193033700077,0.00026613291368926366,0.0002704000142831411,0.01689654481299738,0.2345718887057784,0.2345718887057784,0.0168599134753488,0.00015616252065035798,0.009262355994259628,1.2511336191537135e-06,0.8557759850203271,0.8557759850203271,1.2473109486285207e-06,4.465905582892656e-09,0.003580423957136892,0.06520680802221536,0.8717085700180571,0.8717085700180571,0.05126012466533099,0.015999250019675455,0.31211882772076416,1.809627679903149,-1.6281248219230524,1.6281248219230524,1.816782014696459,0.004394217627142145,0.002418681818508587
Synthetic_Noise_053,Synthetic_Noise,0.9842212711286104,-0.051691973209019235,0.051691973209019235,0.9842336656941295,0.00023977737157272232,0.0002436183397601788,0.028472502137842283,-0.2471022573139238,0.2471022573139238,0.028525800406053858,0.00021569316502342283,0.007561336121880957,2.1146368941890686e-06,0.5209851683285148,0.5209851683285148,2.111139711617973e-06,6.7116336481242255e-09,0.0031791503101564686,0.056741924292352364,0.33002030539876254,0.33002030539876254,0.051934849663500794,0.014565996545919122,0.28046671242942806,1.8155534137456668,-0.01115317989771162,0.01115317989771162,1.815601002422996,0.004266825941527805,0.002350090100099744
Synthetic_Noise_054,Synthetic_Noise,0.9844852888940482,1.232409507524746,1.232409507524746,0.9841958734942561,0.00023483703817002774,0.000238608029655755,0.010908562026448812,-1.1432208508875044,1.1432208508875044,0.011003720010727146,8.323674560452654e-05,0.007564418716199384,8.137844439835412e-07,-0.3160484657574111,0.3160484657574111,8.146767425385976e-07,2.8222965881290647e-09,0.003464310414734757,0.038551555312395874,-1.0964689302032578,1.0964689302032578,0.05386597824028953,0.013967037738094669,0.25929238072183763,1.80595439226971,-2.0688635145663676,2.0688635145663676,1.814671913004098,0.004213676093633581,0.0023220043598160566
Synthetic_Noise_055,Synthetic_Noise,0.9842124885577764,-0.06549285435881866,0.06549285435881866,0.9842281564390912,0.00023923039242514492,0.0002430639591641337,0.01660250956704628,0.478648103554244,0.478648103554244,0.016538380627168475,0.0001339793032145347,0.008101113780531733,1.227870531526154e-06,0.9420524106203452,0.9420524106203452,1.2240150011199163e-06,4.091692044276901e-09,0.00334284195674991,0.08398073365936873,2.0353794894749027,2.0353794894749027,0.050687004242658575,0.016357504625962433,0.32271594800375114,1.8077482169166137,-1.3020359114095577,1.3020359114095577,1.8139151484888225,0.004736375945445768,0.0026111342360137647
Synthetic_Noise_056,Synthetic_Noise,0.9842807061033471,0.251322323511634,0.251322323511634,0.9842231195009105,0.00022913444926276472,0.00023280742417301035,0.028586630346482986,0.06395308100751176,0.06395308100751176,0.028571854965759026,0.00023103469648745047,0.008086093701519909,2.10008359181081e-06,-1.3158876858223452,1.3158876858223452,2.1101321437155393e-06,7.635329462608878e-09,0.0036184112293333914,0.038025823261216986,-0.9478381627775548,0.9478381627775548,0.05296530749847401,0.01576164035485801,0.29758423199968276,1.8143733676033915,0.35588142386626204,0.35588142386626204,1.812992483399877,0.0038801806179060675,0.0021402077799172583
Synthetic_Noise_057,Synthetic_Noise,0.9840639786263132,-0.6864360844539512,0.6864360844539512,0.9842440773648354,0.00026236781823472293,0.0002665678405064997,0.026666753067744464,0.9358202081336867,0.9358202081336867,0.026432978110365962,0.00024980755321462965,0.009450601901993573,1.9426895145907563e-06,-0.38721159076560724,0.38721159076560724,1.9456822678335194e-06,7.727986719756379e-09,0.003971862660031683,0.05018146178095841,-0.15213740955456992,0.15213740955456992,0.05243003694296788,0.014779896466232317,0.28189750241884504,1.8138450019468773,-0.11665723288175675,0.11665723288175675,1.814345562004114,0.004290861738744157,0.00236496389034189
Synthetic_Noise_058,Synthetic_Noise,0.9844108330381164,0.7005848328171148,0.7005848328171148,0.9842331031965545,0.0002536878227103248,0.00025775176824082574,0.0150781482936122,-0.929026354396371,0.929026354396371,0.015197969348138727,0.00012897487033653972,0.008486322572024977,1.1226952822817182e-06,0.1909379510183113,0.1909379510183113,1.1220287054885572e-06,3.4900649748044253e-09,0.003110492492072455,0.04275807532089868,-0.7160130218305252,0.7160130218305252,0.05339787680361434,0.01485978768207096,0.27828424220767634,1.8132159255947213,-0.24653859226049604,0.24653859226049604,1.814265936031886,0.00425901043439353,0.0023475116573628543
Synthetic_Noise_059,Synthetic_Noise,0.9840939193238473,-0.5729262168685507,0.5729262168685507,0.9842274854145149,0.00023312965293283556,0.00023686561936889455,0.025840291003085037,0.6478642713637457,0.6478642713637457,0.025693385758474158,0.00022675311860273075,0.008825349867294854,1.8868067484219257e-06,-0.8603601268165333,0.8603601268165333,1.892874913792401e-06,7.052052763996045e-09,0.003725575835484729,0.054762213179777836,0.18521828610238505,0.18521828610238505,0.05213715337660681,0.01417278962151031,0.27183665972062065,1.8125785508504573,-0.9056506101737528,0.9056506101737528,1.8163288296820272,0.00414097753431074,0.0022798611499402306
Synthetic_Noise_060,Synthetic_Noise,0.9843193036133537,0.3300579504186516,0.3300579504186516,0.9842412332260808,0.00023653539278129104,0.00024032258027409668,0.02281940835567943,0.07403749320266742,0.07403749320266742,0.02280468729324933,0.00019883253361595733,0.00871893269354748,1.6858416954871017e-06,-0.8751648619005825,0.8751648619005825,1.690579119218152e-06,5.412178633294378e-09,0.0032013736419646086,0.05100604923184558,-0.10253005157080361,0.10253005157080361,0.052343280011321366,0.013042330115769133,0.24916914096134268,1.8218369592910033,1.601650969464802,1.601650969464802,1.8153269500192784,0.0040645617517396145,0.002239024629527045
Synthetic_Noise_061,Synthetic_Noise,0.9843458668595423,0.4036747922912296,0.4036747922912296,0.9842519997149951,0.00023253159705791682,0.00023625209511894674,0.02724183686323675,0.08162717194439917,0.08162717194439917,0.027224809745058805,0.00020859620259681258,0.007661989359797454,2.022151411660212e-06,1.2700256084869437,1.2700256084869437,2.013692187587475e-06,6.6596720496094e-09,0.003307193017615601,0.06076011103953217,0.6866756030686031,0.6866756030686031,0.05078620893819528,0.014524911116805414,0.28600109006355706,1.8147449782118523,-0.36289637350551535,0.36289637350551535,1.8164346772265936,0.004656147423178028,0.0025633442708133383
Synthetic_Noise_062,Synthetic_Noise,0.9842187975356562,-0.11653992814918941,0.11653992814918941,0.9842487822621423,0.00025729144376295936,0.0002614089531016271,0.013142091801519738,0.40730414319569064,0.40730414319569064,0.013092341892315229,0.0001221443720333134,0.009329451753446695,9.67900206035453e-07,1.1419890433754396,1.1419890433754396,9.641738657430795e-07,3.2620263083429335e-09,0.003383231013628346,0.06049956606241106,0.5267112746635104,0.5267112746635104,0.053072389903133434,0.014101038872759592,0.2656944392033373,1.8175846286289643,0.5700857999275798,0.5700857999275798,1.8149462691305447,0.004628004237580892,0.0025499400815845643
Synthetic_Noise_063,Synthetic_Noise,0.9843691577844614,0.40933417788160786,0.40933417788160786,0.9842659870845281,0.00025204516284951117,0.00025607423822073986,0.010371813543209154,0.8991426281001424,0.8991426281001424,0.010290977618870887,8.990333781630161e-05,0.008736131895059894,7.618424212593926e-07,0.2612825322328057,0.2612825322328057,7.611690109289552e-07,2.576326255539489e-09,0.0033846922744568742,0.050819999853579274,-0.04258318346209625,0.04258318346209625,0.05151707055545259,0.016369623996082973,0.31775145246554887,1.815072366184963,-0.25836415284229397,0.25836415284229397,1.816088695980438,0.003933710555570234,0.002166034381621656
Synthetic_Noise_064,Synthetic_Noise,0.9842752455713243,0.2524698185380491,0.2524698185380491,0.9842144028666721,0.00024099001121035614,0.00024485519670123883,0.011259636158139097,-0.388627052776096,0.388627052776096,0.011293462364092406,8.704027504788899e-05,0.007707138186153312,8.339817816464985e-07,0.5714032321889391,0.5714032321889391,8.323537151663308e-07,2.848242686169066e-09,0.00342190971501843,0.04983074954040092,-0.21927771961359582,0.21927771961359582,0.053213478662612224,0.015426688712163569,0.28990190266798804,1.8052112038624346,-2.7611263388623635,2.7611263388623635,1.8150495624492218,0.0035631685684037297,0.0019631246672920815
Synthetic_Noise_065,Synthetic_Noise,0.9843088572883563,0.3164167010389037,0.3164167010389037,0.9842280522328433,0.0002553754429879113,0.00025946775486463834,0.024230382944090374,0.7527331958906224,0.7527331958906224,0.024070843227326492,0.0002119472302830792,0.008805143561969627,1.783750338151891e-06,1.8361589783101,1.8361589783101,1.7729790842378601e-06,5.865188081352395e-09,0.0033080958627200972,0.04763069420055817,-0.2664346570966925,0.2664346570966925,0.051999521243805545,0.016397367709544784,0.31533689766774126,1.810405922237244,-0.8530005976207283,0.8530005976207283,1.814490285075934,0.0047882297494626115,0.0026388842028215054
Synthetic_Noise_066,Synthetic_Noise,0.9839790993122234,-1.2487070341213844,1.2487070341213844,0.9842342762055977,0.0002043528907524155,0.0002076262691643147,0.01046906226175572,2.079554239386479,2.079554239386479,0.010312256743157272,7.540342711385864e-05,0.007312019956890695,7.640663866132913e-07,1.5339474433410893,1.5339474433410893,7.598861790362627e-07,2.724130900132846e-09,0.0035849149390673523,0.06919180128201319,1.2251899189124678,1.2251899189124678,0.05188319735480266,0.014127282357456234,0.2722901262344085,1.8151598585927442,0.05766820132741728,0.05766820132741728,1.81490887336789,0.004352229114474447,0.002398042776878216
Synthetic_Noise_067,Synthetic_Noise,0.984496665017129,1.1656323706708542,1.1656323706708542,0.9842422798837167,0.00021823787554922755,0.00022173186420602613,0.02707452942751612,-0.35759420160145716,0.35759420160145716,0.02715311733042566,0.00021976839165734912,0.008093670755180665,2.0045076268359884e-06,0.7914513437176459,0.7914513437176459,1.9993588125423907e-06,6.504534843636047e-09,0.003253308785558146,0.026322656573707984,-1.8589216007153255,1.8589216007153255,0.053357817122742235,0.014543464628509356,0.27256483515398644,1.8149938367537344,0.3884374364616203,0.3884374364616203,1.813224554512171,0.0045548705533941,0.0025120278357453787
Synthetic_Noise_068,Synthetic_Noise,0.9837035893806589,-2.0599045471367123,2.0599045471367123,0.9842457674598343,0.00026320543729517254,0.0002674184090973459,0.02571294502767834,2.407093096540951,2.407093096540951,0.025166039799714282,0.00022720568072040094,0.009028265174799264,1.8653734570308535e-06,0.8986929116785489,0.8986929116785489,1.8599563831545143e-06,6.026725161669932e-09,0.0032402490596040003,0.050709459189563634,-0.09154410924893074,0.09154410924893074,0.0520851733699581,0.01502788318756827,0.28852516397588857,1.8171742251499787,0.8702441608689435,0.8702441608689435,1.8139673342136629,0.0036850473460730074,0.002031484953762085
Synthetic_Noise_069,Synthetic_Noise,0.9837465246859891,-1.9949504339489217,1.9949504339489217,0.9842387374153175,0.00024672930161936794,0.0002506803402872014,0.020514973247525468,2.9859533470803017,2.9859533470803017,0.020027999332495168,0.0001630882520386713,0.008143012655583613,1.4762521701702003e-06,-0.9865425329043832,0.9865425329043832,1.4819841334308794e-06,5.8091532062729715e-09,0.003919845803597539,0.06163012531166326,0.580412734747316,0.580412734747316,0.052999653061570055,0.014869543228182416,0.28055925593754,1.8072769740551726,-1.3735352775645198,1.3735352775645198,1.8135608442425186,0.004574960897338354,0.002522639872745314
Synthetic_Noise_070,Synthetic_Noise,0.9839162358559382,-1.0776404271674072,1.0776404271674072,0.9842309758044265,0.00029206397558595134,0.00029674332830964436,0.010861020042314196,1.2161902062911287,1.2161902062911287,0.010730775083329773,0.00010709258888494539,0.009979949075750684,7.946796752311221e-07,0.4767799998535509,0.4767799998535509,7.93285769986318e-07,2.9225816209409728e-09,0.003684142647420401,0.04449557290597142,-0.5507694972884457,0.5507694972884457,0.053335035953113945,0.016049296647890444,0.30091470570486223,1.8045086410895157,-2.2899623471590758,2.2899623471590758,1.8141469614181795,0.004208942709617552,0.0023200671164617004
Synthetic_Noise_071,Synthetic_Noise,0.9842070186836342,-0.040647175560572825,0.040647175560572825,0.98421716118354,0.00024952532925583143,0.00025352670030211514,0.019020322965737625,0.09984066784834221,0.09984066784834221,0.0190035315734482,0.0001681818897194348,0.008850033429868853,1.40677782098435e-06,0.883598546712671,0.883598546712671,1.4022682077342915e-06,5.102690207318681e-09,0.003638880593807892,0.03269566747298748,-1.3491835983674785,1.3491835983674785,0.0519956404529165,0.014304927069920606,0.2751178165138479,1.8140865890098947,-0.23216983233914287,0.23216983233914287,1.815075997388073,0.004261571660614544,0.0023478750568817364
Synthetic_Noise_072,Synthetic_Noise,0.9839876006750207,-1.116994163937149,1.116994163937149,0.9842457559924952,0.0002311160834069143,0.00023481542287538372,0.014450152802883077,1.6770516391743775,1.6770516391743775,0.014253368158280839,0.00011733964436662471,0.008232415177616878,1.0585106910579032e-06,0.9290986892887267,0.9290986892887267,1.0555132277341814e-06,3.2252055239971768e-09,0.0030555774988657055,0.0660673892931734,1.003973646782722,1.003973646782722,0.05098319842650142,0.015024488853871783,0.29469490571951357,1.8134486056906727,-0.275127900804873,0.275127900804873,1.8147017126254885,0.004554634156967758,0.0025098527902834558
Synthetic_Noise_073,Synthetic_Noise,0.9842377552923663,-0.11787894843804914,0.11787894843804914,0.9842706610672421,0.00027914886579783767,0.0002836098614327015,0.0195306082113637,0.09671148023435851,0.09671148023435851,0.019512444828422813,0.00018780999732564437,0.00962513918514433,1.4469094124959875e-06,-0.6925292117290841,0.6925292117290841,1.4508414224338048e-06,5.676753185313345e-09,0.003912728975618542,0.053353049703287234,0.09816724648191806,0.09816724648191806,0.051870489424046644,0.015102392419812887,0.291155772525262,1.8140340444744552,-0.21479192744082784,0.21479192744082784,1.8149335900633148,0.0041879860168052615,0.0023075147430914283
Synthetic_Noise_074,Synthetic_Noise,0.9846494446906106,1.5048820896222326,1.5048820896222326,0.9842607602345579,0.0002582823313721254,0.00026241250470079906,0.019371731728898882,-1.0689449201124244,1.0689449201124244,0.01955346033025916,0.0001700074502175647,0.008694494342046565,1.4528804231423756e-06,-0.6731853671857768,0.6731853671857768,1.4560367777968143e-06,4.687685774073975e-09,0.0032194808716893937,0.029492979534442354,-1.4822701195493102,1.4822701195493102,0.05217118007822823,0.015299640897570676,0.293258478614751,1.8166092972303294,0.39044570482529806,0.39044570482529806,1.8149952267852492,0.004133917788676855,0.0022776466448325835
Synthetic_Noise_075,Synthetic_Noise,0.984063413978848,-0.748377643561221,0.748377643561221,0.9842510867844482,0.0002507728637626513,0.0002547854578262874,0.028261064665175074,0.9387682601537891,0.9387682601537891,0.028027821844807118,0.0002484562264503676,0.008864628433034512,2.0749900733093046e-06,-0.12387715781138045,0.12387715781138045,2.075941573157526e-06,7.679995149001753e-09,0.0036995219657355053,0.04146635785721285,-0.7409439471882049,0.7409439471882049,0.052535058545346895,0.01493864782808135,0.28435578528769206,1.8175054407286004,0.7293551250380448,0.7293551250380448,1.8143050654592565,0.0043879519849094354,0.002418530416105238
Synthetic_Noise_076,Synthetic_Noise,0.9841654806788926,-0.4099437946256775,0.4099437946256775,0.9842674393335733,0.00024871373980379794,0.0002526891877800449,0.01707278382678659,0.19163688615188781,0.19163688615188781,0.017043306731666315,0.00015381743838853827,0.00902509359253165,1.265462605670518e-06,1.1124357202529893,1.1124357202529893,1.2601575100197524e-06,4.767900848993881e-09,0.0037835723133902784,0.05573239622896559,0.2898063375569002,0.2898063375569002,0.05108467110943761,0.01603734810777093,0.3139366028823113,1.8238617154502639,1.92855142543015,1.92855142543015,1.8163773376122123,0.0038808287595720552,0.0021365762934873484
Synthetic_Noise_077,Synthetic_Noise,0.9845045323473474,1.0722871857101166,1.0722871857101166,0.9842430175267498,0.00024388505524485828,0.00024778946957373986,0.013276323099274366,-0.8522136658549437,0.8522136658549437,0.013374047066491762,0.00011467073373805263,0.00857412368592468,9.913027541810465e-07,-0.03470725245329106,0.03470725245329106,9.91418664820533e-07,3.3386662453325855e-09,0.003367561047860546,0.041737269228539646,-0.6206362155659501,0.6206362155659501,0.051969104596437374,0.016486043048497927,0.31722776784787754,1.805214723674093,-2.213090326516389,2.213090326516389,1.8143251047481186,0.004116587995824427,0.0022689362480015182
Synthetic_Noise_078,Synthetic_Noise,0.9842231578213413,-0.03946596891757658,0.03946596891757658,0.9842321955831186,0.0002290013899495673,0.0002326700863647936,0.016660396350757053,-0.11873707761753689,0.11873707761753689,0.01667679257329993,0.0001380884787897089,0.008280278007565594,1.226581832884177e-06,-0.7264639231668996,0.7264639231668996,1.229739213184229e-06,4.34523138102691e-09,0.003533454736570402,0.0015896131567553473,-3.41054908307748,3.41054908307748,0.050608028226605574,0.014372587484420052,0.28399817159009805,1.811881361421665,-0.9656082018633815,0.9656082018633815,1.8159654220046202,0.004229521429197137,0.0023290759713507623
Synthetic_Noise_079,Synthetic_Noise,0.98408482391461,-0.6793351618686038,0.6793351618686038,0.9842641886322423,0.00026402978532650125,0.0002682509313816804,0.020665458475930376,1.5083011812912768,1.5083011812912768,0.020398207398007847,0.0001771868110488588,0.00868639128835787,1.5258339967912344e-06,1.6616802297716058,1.6616802297716058,1.5159853069884936e-06,5.925946488431432e-09,0.003908970985498757,0.07131158098916293,1.2977777506861303,1.2977777506861303,0.05175181490244005,0.015071737880452891,0.29123109805084424,1.8186784512247902,0.883286803184181,0.883286803184181,1.814942460827307,0.0042296458897969885,0.002330457290567027
Synthetic_Noise_080,Synthetic_Noise,0.9839109645977564,-1.279329958041802,1.279329958041802,0.9842329786281006,0.0002517052204090584,0.00025573743806029417,0.015259001726762606,1.1931559894439427,1.1931559894439427,0.0150939255809561,0.00013835252563269772,0.009166106251251829,1.112487863749712e-06,-1.3715371619223422,1.3715371619223422,1.117529466202692e-06,3.674877397236307e-09,0.0032883912415590253,0.04036488342961991,-0.6433200699298887,0.6433200699298887,0.05026327241972196,0.015386414091724965,0.3061164415029538,1.8161954782016352,0.5892524469365504,0.5892524469365504,1.8136613559493646,0.004300571452619155,0.002371209729153457
Synthetic_Noise_081,Synthetic_Noise,0.9845215124102116,1.3322961682332841,1.3322961682332841,0.9842102740799865,0.0002336104661364358,0.00023735828845575837,0.024778260295812694,-0.7187748770200466,0.7187748770200466,0.024936399431061802,0.000220012050485069,0.008822927748028854,1.8573863880749725e-06,2.677766656417741,2.677766656417741,1.8411000747024814e-06,6.081051000768921e-09,0.0033029425077879594,0.042398764157476336,-0.5110406109522784,0.5110406109522784,0.04996897741629777,0.014813330087806487,0.29645053498090107,1.8096131466523167,-1.1828740476632247,1.1828740476632247,1.8141210883592853,0.0038110073635407417,0.002100745858693129
Synthetic_Noise_082,Synthetic_Noise,0.9843704009124451,0.5599801157496275,0.5599801157496275,0.9842218839580785,0.00026521826334454426,0.0002694699921502369,0.01514683316582176,-0.5049430481012703,0.5049430481012703,0.015216752835015779,0.0001384704056269204,0.009099865596763958,1.1214458988544947e-06,0.5453540476471912,0.5453540476471912,1.1193908094293596e-06,3.767358250940576e-09,0.003365540304302467,0.04884559449809122,-0.20635099843488044,0.20635099843488044,0.05187076362051636,0.01466030765619708,0.2826314214914677,1.8187761878216144,1.2055464305048853,1.2055464305048853,1.8143082328457822,0.003706165819557405,0.0020427432078297743
Synthetic_Noise_083,Synthetic_Noise,0.9839365652940558,-1.2533448091185744,1.2533448091185744,0.9842363612563872,0.00023919671497974902,0.00024302771610080435,0.026245238274570697,2.6705887986818144,2.6705887986818144,0.025668165296634102,0.00021608454867737219,0.008418386985270398,1.8979920951617012e-06,0.6042332293386129,0.6042332293386129,1.8940229659813446e-06,6.567869416038558e-09,0.0034676802057441595,0.05099521237772105,-0.10242063845972922,0.10242063845972922,0.052352574637421954,0.0132528197442568,0.25314552026884374,1.8204343518436572,1.290975073780362,1.290975073780362,1.8151868386982202,0.0040647672063719754,0.002239310642691099
Synthetic_Noise_084,Synthetic_Noise,0.9839980120110423,-1.170106924083577,1.170106924083577,0.9842619929885355,0.00022560414855230508,0.00022921148043832237,0.012045575640772641,2.0123598595944836,2.0123598595944836,0.011858243611762838,9.309071938812839e-05,0.00785029574598521,8.7457338121984e-07,0.3897951194113981,0.3897951194113981,8.73326761590743e-07,3.1971406821599478e-09,0.0036608714651832916,0.048679091661473675,-0.15939023695165985,0.15939023695165985,0.05123667108708265,0.01604602310883855,0.3131745831272547,1.8137602192791873,-0.786633821154216,0.786633821154216,1.816869372545431,0.003952478499964668,0.0021754335009924663
Synthetic_Noise_085,Synthetic_Noise,0.9840310718892153,-0.8371709797488163,0.8371709797488163,0.9842347057464406,0.00024324046259838482,0.00024713664451983015,0.02805054690702928,1.4935953025481108,1.4935953025481108,0.027694465644477136,0.0002384054505601789,0.008608414894587923,2.0647544157428513e-06,1.360330035312978,1.360330035312978,2.054638957767291e-06,7.435032222307656e-09,0.003618654545386657,0.07516522186888852,1.5292393757270608,1.5292393757270608,0.050986554911676245,0.015810910534648996,0.3100996049199256,1.8203622786234854,1.6109858632418559,1.6109858632418559,1.81429142419885,0.003768409494797106,0.002077069562547854
Synthetic_Noise_086,Synthetic_Noise,0.9844667360767086,0.9794935357683032,0.9794935357683032,0.9842283298476271,0.00024339744918792065,0.0002472977476937235,0.020706955003797597,-0.8165507180063059,0.8165507180063059,0.020853299070585397,0.0001792222610844851,0.00859443201141696,1.5503917177860213e-06,1.9470150660014107,1.9470150660014107,1.540117249929564e-06,5.276035620252342e-09,0.003425734108724208,0.0532873034251347,0.05852911441790211,0.05852911441790211,0.052468892191472036,0.013982976536439953,0.2665003195635634,1.8159515607714896,0.5942382173138886,0.5942382173138886,1.8134089296678904,0.0042788077725769945,0.002359538272130523
Synthetic_Noise_087,Synthetic_Noise,0.9842615942765268,0.19751544513649555,0.19751544513649555,0.9842197054714206,0.00021207862949546117,0.00021547895080363636,0.016580027655422064,0.2801634818001826,0.2801634818001826,0.016544501051476368,0.00012680668957016763,0.007664582278302513,1.2253062350847677e-06,1.6898635100302133,1.6898635100302133,1.2174589765168468e-06,4.642723307440689e-09,0.0038134504599679087,0.05173452661030369,-0.10894991944789417,0.10894991944789417,0.05342884879361247,0.015551385368487066,0.29106719907570233,1.8143697966338053,-0.1919343148171431,0.1919343148171431,1.8152658637504566,0.0046686134124224185,0.002571862064752427
Synthetic_Noise_088,Synthetic_Noise,0.9843223361738689,0.543624296609857,0.543624296609857,0.9842014019652021,0.0002224591668866009,0.00022603012599065598,0.02660647024097331,-0.4321928744584038,0.4321928744584038,0.02669674662601558,0.0002088798542160252,0.007824168882235664,1.960889116127616e-06,-0.2949669191328903,0.2949669191328903,1.962982972573509e-06,7.097614488865143e-09,0.0036157271725250194,0.03236262831555223,-1.424817474351439,1.424817474351439,0.05168322889889779,0.013560053080283328,0.26236853557557327,1.8175801090663652,0.4202852276897689,0.4202852276897689,1.8157928935254768,0.004252387242568971,0.0023418900127482874
Synthetic_Noise_089,Synthetic_Noise,0.9842139665884201,-0.1989496551624058,0.1989496551624058,0.9842683402094532,0.00027330341834357324,0.00027767165434289633,0.013064778096144638,0.5530040761783024,0.5530040761783024,0.012998950553390416,0.00011903626941801093,0.009157375352720782,9.624069145143288e-07,1.085313384510244,1.085313384510244,9.590125148134933e-07,3.1265756378579833e-09,0.003260199767326566,0.04966521972878806,-0.13447071779617764,0.13447071779617764,0.05165844378578365,0.014822736797481256,0.2869373467513073,1.8135375306404997,0.11411403584672021,0.11411403584672021,1.8130733861193877,0.004067374513169605,0.0022433590081386437
Synthetic_Noise_090,Synthetic_Noise,0.9841725266944888,-0.2683210991268141,0.2683210991268141,0.9842363868380152,0.00023799896268249075,0.00024181077418489977,0.012499640649782715,0.7876426310391383,0.7876426310391383,0.012412457581730351,0.00011068860905827309,0.008917541777727876,9.244231149297386e-07,2.2427678407083707,2.2427678407083707,9.177861974360444e-07,2.958253014613367e-09,0.003223245021152642,0.06782071861224401,1.0486253913765078,1.0486253913765078,0.052570780073603204,0.014542789696875367,0.27663256425409116,1.807818557167684,-1.5304300292169406,1.5304300292169406,1.8144891726321777,0.004358654323044368,0.002402138513022434
Synthetic_Noise_091,Synthetic_Noise,0.9841173783563992,-0.47949139602388735,0.47949139602388735,0.9842229730963967,0.00022022238645705007,0.00022375253624084765,0.015471874489967941,0.4142337297719337,0.4142337297719337,0.015420187312654338,0.00012477780823842336,0.008091847764257346,1.133611668970765e-06,-1.1422752200568576,1.1422752200568576,1.1385891818333824e-06,4.3565425389772975e-09,0.0038262604126467164,0.07082500133712313,1.4117771583083547,1.4117771583083547,0.05063733975165149,0.014299467494040981,0.28238978516426166,1.8149223593408628,0.13808015029610313,0.13808015029610313,1.8143001603936504,0.004506070899691523,0.002483641350013083
Synthetic_Noise_092,Synthetic_Noise,0.9838895665622858,-1.4883551609593764,1.4883551609593764,0.9842229469370344,0.00022399248647437552,0.00022758307675230198,0.019214712779582623,1.082970232033086,1.082970232033086,0.019060994401313428,0.0001419414612141692,0.007446697597106571,1.3962878426059388e-06,-1.437973098046003,1.437973098046003,1.402320830329684e-06,4.194480243645084e-09,0.0029910967318101064,0.0818976119242099,1.989185109927477,1.989185109927477,0.05337370800784076,0.014339491971875807,0.2686620905090692,1.8094040646633816,-1.0835194145832179,1.0835194145832179,1.8140842834071407,0.004319459974305931,0.0023810690681862435
Synthetic_Noise_093,Synthetic_Noise,0.9843739834624402,0.5570103594793397,0.5570103594793397,0.9842395031572996,0.00024143232220909,0.00024529834601676154,0.027702171199381353,-0.22828418918145313,0.22828418918145313,0.027757063684947257,0.00024045679875792214,0.008662904746645076,2.057409462319018e-06,1.5175362731063053,1.5175362731063053,2.047622542712857e-06,6.4482162590141324e-09,0.003149121957481997,0.06557938650437965,0.9102034631911108,0.9102034631911108,0.054133048238399824,0.012575581974759302,0.23230877225211155,1.8039104641560737,-2.4944486116070714,2.4944486116070714,1.815094098043717,0.004483409212404499,0.0024700698532567457
Synthetic_Noise_094,Synthetic_Noise,0.9842710615478704,0.2541481130400136,0.2541481130400136,0.9841993535504637,0.00028215042124352,0.0002866801529846426,0.024604790539660568,0.5321378633218026,0.5321378633218026,0.024478575683242364,0.00023718450534262916,0.009689473292978904,1.8086649330486357e-06,0.8122489095541838,0.8122489095541838,1.8030112022452092e-06,6.959588973310716e-09,0.003859978853523152,0.06528424390174893,0.7385098686218909,0.7385098686218909,0.05407154980990108,0.01518286290748285,0.28079207939443807,1.8086244061259045,-1.4479075195596152,1.4479075195596152,1.8141919496882593,0.003845234233330218,0.002119529983576899
Synthetic_Noise_095,Synthetic_Noise,0.9844544117083226,1.1223964075420287,1.1223964075420287,0.9842055335856119,0.00022173816658350906,0.00022529660626419926,0.01999693396885157,-1.049918536214892,1.049918536214892,0.020160227872395048,0.00015553006910636857,0.007714697972814968,1.4933996302392973e-06,1.691256031685564,1.691256031685564,1.4841400562822648e-06,5.4739687708750425e-09,0.0036883076225835256,0.061638975731852355,0.6355516101311819,0.6355516101311819,0.052115132284271316,0.014985161385996182,0.2875395442530856,1.8083232660211082,-1.524432022900798,1.524432022900798,1.8142726329745735,0.003902677759694435,0.002151097739535257
Synthetic_Noise_096,Synthetic_Noise,0.9843919562396936,0.6037254841863783,0.6037254841863783,0.9842505715759213,0.00023418700530596317,0.00023793433508578963,0.011329806209610882,-0.09019490398135882,0.09019490398135882,0.011338967125551748,0.00010156799826034934,0.008957429466614639,8.39652802913227e-07,1.083957718421693,1.083957718421693,8.364967840367528e-07,2.91057009432943e-09,0.0034794713744293066,0.04615291138482439,-0.41174933278259473,0.41174933278259473,0.05250267521783757,0.015421430776073974,0.2937265712993779,1.807520484817547,-2.0952846399065375,2.0952846399065375,1.8151431514007235,0.0036380100516659086,0.0020042551734040905
Synthetic_Noise_097,Synthetic_Noise,0.984447860507119,0.8226614275800503,0.8226614275800503,0.984250123126366,0.00024036301363006748,0.0002442092797167611,0.011668888026635765,-0.16771417201529498,0.16771417201529498,0.011684367662555165,9.229772037555303e-05,0.007899248212073969,8.631937931717633e-07,-0.09559388828518364,0.09559388828518364,8.634701381881257e-07,2.8898230569919704e-09,0.003346751187371315,0.04884422205903661,-0.20995274241558495,0.20995274241558495,0.05226689405556472,0.016302106640470784,0.31190119357060286,1.8166634911075552,0.417318289848991,0.417318289848991,1.8150086224219764,0.003965483242443921,0.002184828872686088
Synthetic_Noise_098,Synthetic_Noise,0.9842642138153042,0.20642072632409278,0.20642072632409278,0.9842139063606848,0.00024371319347993883,0.00024762218040676377,0.01875289768625482,0.0856928706084569,0.0856928706084569,0.018739086995245503,0.0001611649933718395,0.00860047201894788,1.381490993322847e-06,0.49227353815006364,0.49227353815006364,1.3790345710328543e-06,4.988953957760798e-09,0.0036177123074673328,0.08944825687466651,2.522327518827481,2.522327518827481,0.052440239970444315,0.01467216950434068,0.27978837458276756,1.8138905048643512,-0.11383677043167593,0.11383677043167593,1.814401633125829,0.004490010208702733,0.0024746506653903983
Synthetic_Noise_099,Synthetic_Noise,0.9842906380297122,0.2209078205186286,0.2209078205186286,0.9842344632994853,0.00025429036361912776,0.00025836360450781463,0.015494922614076288,0.12789524666738078,0.12789524666738078,0.0154770459152373,0.0001397760994009839,0.009031187227682888,1.1453848900270486e-06,-0.41223811684094414,0.41223811684094414,1.1468685900272757e-06,3.5981334610126146e-09,0.0031373518770578274,0.055281318043561296,0.28813230526607,0.28813230526607,0.05118296446198205,0.014223860033697279,0.2779022313954607,1.8147092617262526,0.16422867972372873,0.16422867972372873,1.8140615042294528,0.003944241028578238,0.0021742598138928225
